remitente,asunto,mensaje,enlaces,etiqueta
compras@proveedor.mx,¿A qué hora nos vemos para almorzar?,¿A qué hora nos vemos para almorzar?,,ham
compras@universidad.mx,No olvides traer tu cuaderno.,No olvides traer tu cuaderno.,,ham
sistemas@organizacion.org,Nos vemos mañana a las 10:00 para,Nos vemos mañana a las 10:00 para la reunión.,,ham
contabilidad@banco.mx,¿Cómo estás? Hace tiempo que no nos,¿Cómo estás? Hace tiempo que no nos vemos.,,ham
sistemas@empresa.com,¿Te interesa ir al cine este fin,¿Te interesa ir al cine este fin de semana?,,ham
compras@proveedor.mx,Este es tu último recordatorio para pagar,Este es tu último recordatorio para pagar la factura.,,ham
recursos.humanos@hospital.mx,No olvides llevar la documentación para la,No olvides llevar la documentación para la cita.,,ham
maria.garcia@hospital.mx,Recuerda que tienes una cita con el,Recuerda que tienes una cita con el dentista mañana.,,ham
ventas@empresa.com,Nos vemos en la reunión el jueves.,Nos vemos en la reunión el jueves.,,ham
maria.garcia@organizacion.org,Te esperamos en el restaurante a las,Te esperamos en el restaurante a las 8:00 PM.,,ham
ventas@universidad.mx,¡Felicidades por tu nuevo empleo!,¡Felicidades por tu nuevo empleo!,,ham
compras@empresa.com,No olvides recoger tus boletos para el,No olvides recoger tus boletos para el concierto.,,ham
juan.perez@hospital.mx,Recuerda que tienes una cita médica la,Recuerda que tienes una cita médica la próxima semana.,,ham
compras@organizacion.org,Aquí tienes el enlace para tu pago.,Aquí tienes el enlace para tu pago.,,ham
juan.perez@hospital.mx,Recuerda que la entrega de tus documentos,Recuerda que la entrega de tus documentos es el lunes.,,ham
soporte@cliente.com,¿Te gustaría ir a la playa este,¿Te gustaría ir a la playa este fin de semana?,,ham
contabilidad@hospital.mx,Nos vemos el viernes para estudiar juntos.,Nos vemos el viernes para estudiar juntos.,,ham
ventas@proveedor.mx,¡Qué bien vernos después de tanto tiempo!,¡Qué bien vernos después de tanto tiempo!,,ham
contabilidad@proveedor.mx,¿Cómo te va en el trabajo?,¿Cómo te va en el trabajo?,,ham
maria.garcia@proveedor.mx,Quiero agradecerte por tu ayuda en el,Quiero agradecerte por tu ayuda en el proyecto.,,ham
juan.perez@organizacion.org,Nos vemos el sábado para la fiesta.,Nos vemos el sábado para la fiesta.,,ham
recursos.humanos@banco.mx,Este es tu último aviso para pagar,Este es tu último aviso para pagar la factura pendiente.,,ham
maria.garcia@universidad.mx,Tu pedido será entregado en dos días.,Tu pedido será entregado en dos días.,,ham
maria.garcia@banco.mx,Recuerda que tienes un examen la próxima,Recuerda que tienes un examen la próxima semana.,,ham
recursos.humanos@cliente.com,¿Te gustaría acompañarnos al cine el sábado?,¿Te gustaría acompañarnos al cine el sábado?,,ham
soporte@proveedor.mx,Tu reserva ha sido confirmada.,Tu reserva ha sido confirmada.,,ham
contabilidad@empresa.com,Te invitamos a nuestro evento de este,Te invitamos a nuestro evento de este mes.,,ham
soporte@empresa.com,Tu suscripción será renovada automáticamente.,Tu suscripción será renovada automáticamente.,,ham
maria.garcia@organizacion.org,Recuerda que la tienda cierra a las,Recuerda que la tienda cierra a las 7:00 PM.,,ham
ventas@proveedor.mx,No olvides que la reunión es el,No olvides que la reunión es el miércoles a las 10:00 AM.,,ham
maria.garcia@empresa.com,¡Te tenemos una sorpresa! Ven a vernos,¡Te tenemos una sorpresa! Ven a vernos pronto.,,ham
sistemas@universidad.mx,Gracias por ser parte de nuestro programa.,Gracias por ser parte de nuestro programa.,,ham
juan.perez@organizacion.org,¡Te esperamos en la conferencia!,¡Te esperamos en la conferencia!,,ham
ventas@banco.mx,No olvides comprar los boletos para el,No olvides comprar los boletos para el concierto.,,ham
compras@banco.mx,"Tu cuenta está activa, ¡disfruta de tus","Tu cuenta está activa, ¡disfruta de tus beneficios!",,ham
compras@universidad.mx,Recuerda que los productos estarán en oferta,Recuerda que los productos estarán en oferta hasta el domingo.,,ham
juan.perez@hospital.mx,Nos gustaría contar con tu presencia en,Nos gustaría contar con tu presencia en la reunión.,,ham
juan.perez@proveedor.mx,"Por favor, confirma tu asistencia a la","Por favor, confirma tu asistencia a la conferencia.",,ham
recursos.humanos@universidad.mx,Tu pedido ha sido procesado exitosamente.,Tu pedido ha sido procesado exitosamente.,,ham
ventas@banco.mx,¡Nos vemos en la reunión de mañana!,¡Nos vemos en la reunión de mañana!,,ham
juan.perez@hospital.mx,Tu envío llegará en las próximas 24,Tu envío llegará en las próximas 24 horas.,,ham
recursos.humanos@organizacion.org,Recuerda que tienes una cita en el,Recuerda que tienes una cita en el dentista el lunes.,,ham
recursos.humanos@hospital.mx,Este es tu recordatorio para tu cita,Este es tu recordatorio para tu cita de trabajo.,,ham
sistemas@empresa.com,¿Cómo te va con el proyecto que,¿Cómo te va con el proyecto que estamos trabajando?,,ham
sistemas@banco.mx,Te esperamos en la próxima reunión de,Te esperamos en la próxima reunión de equipo.,,ham
sistemas@proveedor.mx,Tu paquete ha sido enviado.,Tu paquete ha sido enviado.,,ham
maria.garcia@universidad.mx,Recuerda que debes hacer el pago antes,Recuerda que debes hacer el pago antes del 15 de mayo.,,ham
juan.perez@proveedor.mx,Gracias por registrarte en el evento.,Gracias por registrarte en el evento.,,ham
ventas@organizacion.org,¿Cómo te va con tu nueva rutina,¿Cómo te va con tu nueva rutina de ejercicio?,,ham
ventas@cliente.com,La reunión se llevará a cabo el,La reunión se llevará a cabo el martes a las 9:00 AM.,,ham
sistemas@proveedor.mx,Tienes un mensaje importante de tu banco.,Tienes un mensaje importante de tu banco.,,ham
maria.garcia@empresa.com,¡Te invitamos a nuestra fiesta de fin,¡Te invitamos a nuestra fiesta de fin de año!,,ham
contabilidad@banco.mx,Tu cuenta ha sido actualizada correctamente.,Tu cuenta ha sido actualizada correctamente.,,ham
contabilidad@empresa.com,Tu entrada para el evento ha sido,Tu entrada para el evento ha sido confirmada.,,ham
maria.garcia@banco.mx,Gracias por asistir a nuestro taller.,Gracias por asistir a nuestro taller.,,ham
contabilidad@universidad.mx,Nos gustaría saber tu opinión sobre el,Nos gustaría saber tu opinión sobre el servicio.,,ham
recursos.humanos@organizacion.org,Recuerda que debes entregar tu informe antes,Recuerda que debes entregar tu informe antes del viernes.,,ham
compras@empresa.com,Aquí tienes la información sobre el evento,Aquí tienes la información sobre el evento que mencionaste.,,ham
soporte@cliente.com,Tu código de descuento es válido hasta,Tu código de descuento es válido hasta el domingo.,,ham
compras@universidad.mx,Tu paquete llegará mañana a las 5:00,Tu paquete llegará mañana a las 5:00 PM.,,ham
soporte@proveedor.mx,¡Estamos muy felices de que te unas,¡Estamos muy felices de que te unas a nuestro programa!,,ham
sistemas@cliente.com,Nos gustaría saber cómo fue tu experiencia,Nos gustaría saber cómo fue tu experiencia con nosotros.,,ham
maria.garcia@cliente.com,Recuerda que tienes una reunión con el,Recuerda que tienes una reunión con el equipo de ventas el martes.,,ham
juan.perez@universidad.mx,Tu cuenta ha sido verificada correctamente.,Tu cuenta ha sido verificada correctamente.,,ham
soporte@cliente.com,"Gracias por tu compra, ¡disfruta de tus","Gracias por tu compra, ¡disfruta de tus productos!",,ham
compras@banco.mx,Recuerda que tienes un examen el viernes.,Recuerda que tienes un examen el viernes.,,ham
ventas@proveedor.mx,No olvides traer todos los documentos necesarios,No olvides traer todos los documentos necesarios para tu cita.,,ham
sistemas@proveedor.mx,Recuerda revisar tus correos para obtener más,Recuerda revisar tus correos para obtener más información.,,ham
ventas@cliente.com,¡Nos encantaría verte en nuestro próximo evento!,¡Nos encantaría verte en nuestro próximo evento!,,ham
maria.garcia@proveedor.mx,Gracias por tu tiempo en nuestra conferencia.,Gracias por tu tiempo en nuestra conferencia.,,ham
recursos.humanos@cliente.com,Nos alegra saber que te gustó el,Nos alegra saber que te gustó el producto.,,ham
contabilidad@organizacion.org,Recuerda que el pago de tu suscripción,Recuerda que el pago de tu suscripción es automático.,,ham
maria.garcia@empresa.com,Nos vemos en el evento de este,Nos vemos en el evento de este sábado.,,ham
soporte@hospital.mx,Tu inscripción en el taller ha sido,Tu inscripción en el taller ha sido confirmada.,,ham
compras@proveedor.mx,Recuerda que tu pedido será entregado en,Recuerda que tu pedido será entregado en 48 horas.,,ham
soporte@banco.mx,Tu cuenta de correo ha sido suspendida.,Tu cuenta de correo ha sido suspendida.,,ham
sistemas@proveedor.mx,Recuerda que la tienda cierra a las,Recuerda que la tienda cierra a las 8:00 PM.,,ham
contabilidad@cliente.com,Gracias por ser parte de nuestro proyecto.,Gracias por ser parte de nuestro proyecto.,,ham
facturacion@criptoganancias.cc,¡Felicidades! Has ganado un premio de $5000. (urgente),¡Felicidades! Has ganado un premio de $5000.,https://loteria-gratis.win/reclamar-premio,spam
rrhh@loteria-gratis.win,¡Haz clic aquí para reclamar tu premio (urgente),¡Haz clic aquí para reclamar tu premio ahora mismo!,https://loteria-gratis.win/reclamar-premio,spam
it@netflix-pagos.support,¡Gana un iPhone nuevo solo por registrarte! (urgente),¡Gana un iPhone nuevo solo por registrarte!,https://loteria-gratis.win/reclamar-premio,spam
noreply@bono-gob.mx.co,"Última oportunidad para ganar un auto nuevo, (urgente)","Última oportunidad para ganar un auto nuevo, solo responde a este mensaje.",https://loteria-gratis.win/reclamar-premio,spam
alertas@criptoganancias.cc,¿Quieres ganar $1000? Haz clic aquí para (urgente),¿Quieres ganar $1000? Haz clic aquí para participar.,https://loteria-gratis.win/reclamar-premio,spam
marketing@netflix-pagos.support,"¡Felicitaciones, has sido seleccionado para una beca! (urgente)","¡Felicitaciones, has sido seleccionado para una beca!",https://netflix-pagos.support/oferta,spam
finanzas@casino-oro.fun,Participa en nuestra encuesta y gana un (urgente),Participa en nuestra encuesta y gana un premio.,https://loteria-gratis.win/reclamar-premio,spam
it@ofertasvip.co,¡Gana dinero desde casa con solo hacer (urgente),¡Gana dinero desde casa con solo hacer clic en este enlace!,https://loteria-gratis.win/reclamar-premio,spam
it@ofertasvip.co,"Te hemos seleccionado para un sorteo, haz (urgente)","Te hemos seleccionado para un sorteo, haz clic aquí para participar.",https://ofertasvip.co/oferta,spam
noreply@casino-oro.fun,¡Haz clic aquí y gana una tarjeta (urgente),¡Haz clic aquí y gana una tarjeta de regalo de $100!,https://loteria-gratis.win/reclamar-premio,spam
finanzas@express-premium.delivery,Recuerda que solo quedan 24 horas para (urgente),Recuerda que solo quedan 24 horas para recibir un descuento del 50%.,https://express-premium.delivery/oferta,spam
rrhh@bono-gob.mx.co,¡Compra ahora y recibe un descuento de,¡Compra ahora y recibe un descuento de $100!,https://bono-gob.mx.co/oferta,spam
marketing@netflix-pagos.support,Haz clic aquí para obtener tu descuento (urgente),Haz clic aquí para obtener tu descuento exclusivo.,https://netflix-pagos.support/oferta,spam
envios@express-premium.delivery,"Te has ganado un viaje a París, (urgente)","Te has ganado un viaje a París, haz clic para más detalles.",https://loteria-gratis.win/reclamar-premio,spam
alertas@criptoganancias.cc,¿Quieres ganar $5000? Solo necesitas responder este (urgente),¿Quieres ganar $5000? Solo necesitas responder este mensaje.,https://loteria-gratis.win/reclamar-premio,spam
alertas@netflix-pagos.support,Última oportunidad para obtener una suscripción gratuita. (urgente),Última oportunidad para obtener una suscripción gratuita.,https://netflix-pagos.support/oferta,spam
soporte@netflix-pagos.support,Haz clic para ver tu descuento exclusivo (urgente),Haz clic para ver tu descuento exclusivo de tiempo limitado.,https://netflix-pagos.support/oferta,spam
noreply@casino-oro.fun,¡Felicidades! Has ganado un celular de última (urgente),¡Felicidades! Has ganado un celular de última generación.,https://loteria-gratis.win/reclamar-premio,spam
it@netflix-pagos.support,Participa y gana una laptop nueva. (urgente),Participa y gana una laptop nueva.,https://loteria-gratis.win/reclamar-premio,spam
it@ofertasvip.co,"Este es tu último aviso, haz clic","Este es tu último aviso, haz clic para reclamar tu premio.",https://loteria-gratis.win/reclamar-premio,spam
it@criptoganancias.cc,¡Gana dinero fácil con solo hacer clic (urgente),¡Gana dinero fácil con solo hacer clic aquí!,https://loteria-gratis.win/reclamar-premio,spam
facturacion@netflix-pagos.support,Recuerda que solo tienes 10 minutos para (urgente),Recuerda que solo tienes 10 minutos para aprovechar esta oferta.,https://netflix-pagos.support/oferta,spam
rrhh@casino-oro.fun,Haz clic aquí para ganar un coche (urgente),Haz clic aquí para ganar un coche nuevo.,https://loteria-gratis.win/reclamar-premio,spam
rrhh@loteria-gratis.win,Te invitamos a participar en nuestro programa (urgente),Te invitamos a participar en nuestro programa exclusivo de premios.,https://loteria-gratis.win/reclamar-premio,spam
soporte@ofertasvip.co,¡Gana dinero en efectivo con solo responder (urgente),¡Gana dinero en efectivo con solo responder a este mensaje!,https://loteria-gratis.win/reclamar-premio,spam
noreply@bono-gob.mx.co,¡Aprovecha nuestra oferta y compra ahora con,¡Aprovecha nuestra oferta y compra ahora con un 70% de descuento!,https://bono-gob.mx.co/oferta,spam
rrhh@bono-gob.mx.co,¡Gana premios por solo registrarte en nuestro (urgente),¡Gana premios por solo registrarte en nuestro sitio web!,https://loteria-gratis.win/reclamar-premio,spam
rrhh@express-premium.delivery,Haz clic para obtener más detalles sobre (urgente),Haz clic para obtener más detalles sobre esta increíble oferta.,https://express-premium.delivery/oferta,spam
envios@casino-oro.fun,¡Ganaste un premio! Solo haz clic aquí (urgente),¡Ganaste un premio! Solo haz clic aquí para reclamarlo.,https://loteria-gratis.win/reclamar-premio,spam
alertas@ofertasvip.co,Este es un recordatorio para que ganes (urgente),Este es un recordatorio para que ganes un vale de $50.,https://ofertasvip.co/oferta,spam
envios@loteria-gratis.win,¡Aprovecha nuestra oferta exclusiva y compra ahora!,¡Aprovecha nuestra oferta exclusiva y compra ahora!,https://loteria-gratis.win/oferta,spam
marketing@seguridadbancaria-alerta.com,¡Haz clic ahora y obtén un descuento,¡Haz clic ahora y obtén un descuento en tu compra!,https://seguridadbancaria-alerta.com/oferta,spam
alertas@criptoganancias.cc,Has ganado una tarjeta de regalo de (urgente),Has ganado una tarjeta de regalo de $200.,https://loteria-gratis.win/reclamar-premio,spam
it@ofertasvip.co,¡Participa en nuestro sorteo y gana un (urgente),¡Participa en nuestro sorteo y gana un celular gratis!,https://loteria-gratis.win/reclamar-premio,spam
alertas@criptoganancias.cc,¡Gana un paquete de vacaciones en las (urgente),¡Gana un paquete de vacaciones en las mejores playas del mundo!,https://express-premium.delivery/pagar-tarifa,spam
envios@loteria-gratis.win,Haz clic aquí para obtener tu regalo (urgente),Haz clic aquí para obtener tu regalo sorpresa.,https://loteria-gratis.win/oferta,spam
alertas@seguridadbancaria-alerta.com,¡Participa en el concurso y gana una (urgente),¡Participa en el concurso y gana una consola de videojuegos!,https://loteria-gratis.win/reclamar-premio,spam
noreply@express-premium.delivery,Última oportunidad para ganar un premio de (urgente),Última oportunidad para ganar un premio de $1000.,https://loteria-gratis.win/reclamar-premio,spam
finanzas@bono-gob.mx.co,¡Haz clic aquí para ver los resultados (urgente),¡Haz clic aquí para ver los resultados de tu participación!,https://bono-gob.mx.co/oferta,spam
finanzas@express-premium.delivery,¡Obtén tu cupón de descuento exclusivo solo (urgente),¡Obtén tu cupón de descuento exclusivo solo por hoy!,https://express-premium.delivery/oferta,spam
marketing@criptoganancias.cc,"Te has ganado una laptop, solo confirma (urgente)","Te has ganado una laptop, solo confirma tu dirección.",https://loteria-gratis.win/reclamar-premio,spam
finanzas@loteria-gratis.win,Haz clic aquí para obtener más información (urgente),Haz clic aquí para obtener más información sobre cómo ganar dinero.,https://loteria-gratis.win/reclamar-premio,spam
it@seguridadbancaria-alerta.com,¡Haz clic ahora y gana un increíble,¡Haz clic ahora y gana un increíble premio!,https://loteria-gratis.win/reclamar-premio,spam
promos@express-premium.delivery,Participa en nuestro evento y gana un (urgente),Participa en nuestro evento y gana un coche.,https://loteria-gratis.win/reclamar-premio,spam
finanzas@loteria-gratis.win,¡Recibe un bono de bienvenida de $50 (urgente),¡Recibe un bono de bienvenida de $50 por registrarte!,https://loteria-gratis.win/oferta,spam
promos@bono-gob.mx.co,"Tu cuenta ha sido hackeada, cambia tu (urgente)","Tu cuenta ha sido hackeada, cambia tu contraseña ahora.",https://seguridadbancaria-alerta.com/verificar-cuenta,spam
rrhh@casino-oro.fun,¡Haz clic ahora y gana una tablet!,¡Haz clic ahora y gana una tablet!,https://loteria-gratis.win/reclamar-premio,spam
facturacion@netflix-pagos.support,¡Gana una entrada para el concierto de (urgente),¡Gana una entrada para el concierto de tu banda favorita!,https://loteria-gratis.win/reclamar-premio,spam
it@criptoganancias.cc,Participa en el sorteo de este mes (urgente),Participa en el sorteo de este mes y gana $1000.,https://loteria-gratis.win/reclamar-premio,spam
marketing@seguridadbancaria-alerta.com,¡Haz clic aquí para participar en nuestra (urgente),¡Haz clic aquí para participar en nuestra oferta limitada!,https://seguridadbancaria-alerta.com/oferta,spam
facturacion@netflix-pagos.support,Este es un mensaje exclusivo solo para (urgente),Este es un mensaje exclusivo solo para ti.,https://netflix-pagos.support/oferta,spam
promos@bono-gob.mx.co,¡Haz clic y obtén una sorpresa especial (urgente),¡Haz clic y obtén una sorpresa especial solo hoy!,https://bono-gob.mx.co/oferta,spam
envios@express-premium.delivery,¡Compra ahora y gana un premio increíble!,¡Compra ahora y gana un premio increíble!,https://loteria-gratis.win/reclamar-premio,spam
envios@express-premium.delivery,"¡Solo por hoy, obtén un descuento del","¡Solo por hoy, obtén un descuento del 60% en tu compra!",https://express-premium.delivery/oferta,spam
rrhh@bono-gob.mx.co,Tu oportunidad para ganar un coche está (urgente),Tu oportunidad para ganar un coche está aquí.,https://loteria-gratis.win/reclamar-premio,spam
rrhh@casino-oro.fun,Participa en nuestro concurso y gana un (urgente),Participa en nuestro concurso y gana un viaje a Europa.,https://loteria-gratis.win/reclamar-premio,spam
promos@bono-gob.mx.co,Haz clic ahora para obtener tu premio,Haz clic ahora para obtener tu premio exclusivo.,https://loteria-gratis.win/reclamar-premio,spam
envios@bono-gob.mx.co,¡Recibe una recompensa por completar una encuesta (urgente),¡Recibe una recompensa por completar una encuesta online!,https://bono-gob.mx.co/oferta,spam
finanzas@express-premium.delivery,¡Regístrate y participa para ganar una consola (urgente),¡Regístrate y participa para ganar una consola de videojuegos!,https://loteria-gratis.win/reclamar-premio,spam
envios@casino-oro.fun,Última oportunidad para participar en el sorteo (urgente),Última oportunidad para participar en el sorteo del mes.,https://casino-oro.fun/oferta,spam
marketing@netflix-pagos.support,Haz clic para ver cómo ganar un (urgente),Haz clic para ver cómo ganar un premio grande.,https://loteria-gratis.win/reclamar-premio,spam
noreply@loteria-gratis.win,¡Obtén tu tarjeta de regalo ahora!,¡Obtén tu tarjeta de regalo ahora!,https://loteria-gratis.win/oferta,spam
noreply@bono-gob.mx.co,"¡Gana un coche, solo responde este mensaje! (urgente)","¡Gana un coche, solo responde este mensaje!",https://loteria-gratis.win/reclamar-premio,spam
rrhh@express-premium.delivery,¡Este es tu último aviso para reclamar,¡Este es tu último aviso para reclamar tu premio!,https://loteria-gratis.win/reclamar-premio,spam
promos@express-premium.delivery,¡Haz clic para ganar un iPhone! (urgente),¡Haz clic para ganar un iPhone!,https://loteria-gratis.win/reclamar-premio,spam
facturacion@seguridadbancaria-alerta.com,Somos del servicio técnico de Microsoft. Tu (urgente),Somos del servicio técnico de Microsoft. Tu computadora tiene un virus.,https://seguridadbancaria-alerta.com/oferta,spam
ventas@cliente.com,"Hola, ¿cómo estás? Espero que tengas un","Hola, ¿cómo estás? Espero que tengas un buen día.",,ham
soporte@netflix-pagos.support,¡Felicidades! Has ganado un iPhone. Reclámalo aquí: (urgente),¡Felicidades! Has ganado un iPhone. Reclámalo aquí: http://fake-url.com,http://fake-url.com,spam
recursos.humanos@banco.mx,"La película de ayer estuvo increíble, te","La película de ayer estuvo increíble, te la recomiendo.",,ham
finanzas@loteria-gratis.win,Eres el afortunado ganador de un sorteo. (urgente),Eres el afortunado ganador de un sorteo. Reclama tu premio ahora.,https://loteria-gratis.win/reclamar-premio,spam
contabilidad@universidad.mx,Recuerda llevar la documentación para la cita,Recuerda llevar la documentación para la cita del médico.,,ham
soporte@netflix-pagos.support,¡Felicidades! Has ganado un iPhone. Reclámalo aquí: (urgente),¡Felicidades! Has ganado un iPhone. Reclámalo aquí: http://fake-url.com,http://fake-url.com,spam
contabilidad@universidad.mx,Recuerda llevar la documentación para la cita,Recuerda llevar la documentación para la cita del médico.,,ham
noreply@bono-gob.mx.co,URGENTE: Tu cuenta bancaria será bloqueada. Verifica,URGENTE: Tu cuenta bancaria será bloqueada. Verifica tus datos aquí: http://phishing.com,http://phishing.com,spam
juan.perez@banco.mx,Mamá me dijo que estarás en casa,Mamá me dijo que estarás en casa este fin de semana.,,ham
facturacion@seguridadbancaria-alerta.com,Gana dinero fácil desde casa. Solo necesitas (urgente),Gana dinero fácil desde casa. Solo necesitas registrarte aquí: http://scam-money.com,http://scam-money.com,spam
soporte@empresa.com,¿Qué planes tienes para el próximo feriado?,¿Qué planes tienes para el próximo feriado?,,ham
soporte@netflix-pagos.support,¡Felicidades! Has ganado un iPhone. Reclámalo aquí: (urgente),¡Felicidades! Has ganado un iPhone. Reclámalo aquí: http://fake-url.com,http://fake-url.com,spam
soporte@empresa.com,¿Qué planes tienes para el próximo feriado?,¿Qué planes tienes para el próximo feriado?,,ham
noreply@casino-oro.fun,"Hola, te envío un préstamo sin intereses. (urgente)","Hola, te envío un préstamo sin intereses. Acepta ahora: http://préstamos-falsos.com",http://préstamos-falsos.com,spam
recursos.humanos@banco.mx,"La película de ayer estuvo increíble, te","La película de ayer estuvo increíble, te la recomiendo.",,ham
noreply@bono-gob.mx.co,URGENTE: Tu cuenta bancaria será bloqueada. Verifica,URGENTE: Tu cuenta bancaria será bloqueada. Verifica tus datos aquí: http://phishing.com,http://phishing.com,spam
ventas@cliente.com,"Hola, ¿cómo estás? Espero que tengas un","Hola, ¿cómo estás? Espero que tengas un buen día.",,ham
noreply@loteria-gratis.win,Heredaste una gran suma de dinero. Contáctanos (urgente),Heredaste una gran suma de dinero. Contáctanos para recibirla.,https://loteria-gratis.win/reclamar-premio,spam
soporte@empresa.com,¿Qué planes tienes para el próximo feriado?,¿Qué planes tienes para el próximo feriado?,,ham
noreply@casino-oro.fun,"Hola, te envío un préstamo sin intereses. (urgente)","Hola, te envío un préstamo sin intereses. Acepta ahora: http://préstamos-falsos.com",http://préstamos-falsos.com,spam
contabilidad@universidad.mx,Recuerda llevar la documentación para la cita,Recuerda llevar la documentación para la cita del médico.,,ham
facturacion@seguridadbancaria-alerta.com,Somos del servicio técnico de Microsoft. Tu (urgente),Somos del servicio técnico de Microsoft. Tu computadora tiene un virus.,https://seguridadbancaria-alerta.com/oferta,spam
recursos.humanos@banco.mx,"La película de ayer estuvo increíble, te","La película de ayer estuvo increíble, te la recomiendo.",,ham
promos@bono-gob.mx.co,Este mensaje es para informarte que ganaste (urgente),Este mensaje es para informarte que ganaste una tarjeta de regalo.,https://loteria-gratis.win/reclamar-premio,spam
ventas@cliente.com,"Hola, ¿cómo estás? Espero que tengas un","Hola, ¿cómo estás? Espero que tengas un buen día.",,ham
noreply@loteria-gratis.win,Heredaste una gran suma de dinero. Contáctanos (urgente),Heredaste una gran suma de dinero. Contáctanos para recibirla.,https://loteria-gratis.win/reclamar-premio,spam
ventas@cliente.com,"Hola, ¿cómo estás? Espero que tengas un","Hola, ¿cómo estás? Espero que tengas un buen día.",,ham
facturacion@seguridadbancaria-alerta.com,Gana dinero fácil desde casa. Solo necesitas (urgente),Gana dinero fácil desde casa. Solo necesitas registrarte aquí: http://scam-money.com,http://scam-money.com,spam
contabilidad@cliente.com,Nos vemos en la cafetería después del,Nos vemos en la cafetería después del trabajo.,,ham
noreply@loteria-gratis.win,Heredaste una gran suma de dinero. Contáctanos (urgente),Heredaste una gran suma de dinero. Contáctanos para recibirla.,https://loteria-gratis.win/reclamar-premio,spam
soporte@empresa.com,¿Qué planes tienes para el próximo feriado?,¿Qué planes tienes para el próximo feriado?,,ham
marketing@netflix-pagos.support,Descarga esta app y obtén recompensas exclusivas. (urgente),Descarga esta app y obtén recompensas exclusivas. Solo disponible hoy.,https://netflix-pagos.support/oferta,spam
compras@hospital.mx,"Voy a llegar un poco tarde, hay","Voy a llegar un poco tarde, hay mucho tráfico.",,ham
facturacion@seguridadbancaria-alerta.com,Somos del servicio técnico de Microsoft. Tu (urgente),Somos del servicio técnico de Microsoft. Tu computadora tiene un virus.,https://seguridadbancaria-alerta.com/oferta,spam
juan.perez@banco.mx,Mamá me dijo que estarás en casa,Mamá me dijo que estarás en casa este fin de semana.,,ham
soporte@netflix-pagos.support,¡Felicidades! Has ganado un iPhone. Reclámalo aquí: (urgente),¡Felicidades! Has ganado un iPhone. Reclámalo aquí: http://fake-url.com,http://fake-url.com,spam
ventas@cliente.com,"Feliz cumpleaños, espero que lo pases genial","Feliz cumpleaños, espero que lo pases genial con tu familia.",,ham
facturacion@seguridadbancaria-alerta.com,Somos del servicio técnico de Microsoft. Tu (urgente),Somos del servicio técnico de Microsoft. Tu computadora tiene un virus.,https://seguridadbancaria-alerta.com/oferta,spam
ventas@empresa.com,¿Puedes enviarme el informe antes de la,¿Puedes enviarme el informe antes de la tarde?,,ham
finanzas@loteria-gratis.win,Eres el afortunado ganador de un sorteo. (urgente),Eres el afortunado ganador de un sorteo. Reclama tu premio ahora.,https://loteria-gratis.win/reclamar-premio,spam
juan.perez@banco.mx,Mamá me dijo que estarás en casa,Mamá me dijo que estarás en casa este fin de semana.,,ham
promos@bono-gob.mx.co,Este mensaje es para informarte que ganaste (urgente),Este mensaje es para informarte que ganaste una tarjeta de regalo.,https://loteria-gratis.win/reclamar-premio,spam
ventas@empresa.com,¿Puedes enviarme el informe antes de la,¿Puedes enviarme el informe antes de la tarde?,,ham
noreply@bono-gob.mx.co,URGENTE: Tu cuenta bancaria será bloqueada. Verifica,URGENTE: Tu cuenta bancaria será bloqueada. Verifica tus datos aquí: http://phishing.com,http://phishing.com,spam
recursos.humanos@banco.mx,"La película de ayer estuvo increíble, te","La película de ayer estuvo increíble, te la recomiendo.",,ham
promos@bono-gob.mx.co,Este mensaje es para informarte que ganaste (urgente),Este mensaje es para informarte que ganaste una tarjeta de regalo.,https://loteria-gratis.win/reclamar-premio,spam
contabilidad@cliente.com,Nos vemos en la cafetería después del,Nos vemos en la cafetería después del trabajo.,,ham
noreply@loteria-gratis.win,Heredaste una gran suma de dinero. Contáctanos (urgente),Heredaste una gran suma de dinero. Contáctanos para recibirla.,https://loteria-gratis.win/reclamar-premio,spam
ventas@empresa.com,¿Puedes enviarme el informe antes de la,¿Puedes enviarme el informe antes de la tarde?,,ham
finanzas@loteria-gratis.win,Eres el afortunado ganador de un sorteo. (urgente),Eres el afortunado ganador de un sorteo. Reclama tu premio ahora.,https://loteria-gratis.win/reclamar-premio,spam
contabilidad@universidad.mx,Recuerda llevar la documentación para la cita,Recuerda llevar la documentación para la cita del médico.,,ham
finanzas@loteria-gratis.win,Eres el afortunado ganador de un sorteo. (urgente),Eres el afortunado ganador de un sorteo. Reclama tu premio ahora.,https://loteria-gratis.win/reclamar-premio,spam
maria.garcia@cliente.com,No olvides la reunión de mañana a,No olvides la reunión de mañana a las 10 AM.,,ham
facturacion@seguridadbancaria-alerta.com,Somos del servicio técnico de Microsoft. Tu (urgente),Somos del servicio técnico de Microsoft. Tu computadora tiene un virus.,https://seguridadbancaria-alerta.com/oferta,spam
soporte@empresa.com,¿Qué planes tienes para el próximo feriado?,¿Qué planes tienes para el próximo feriado?,,ham
soporte@netflix-pagos.support,¡Felicidades! Has ganado un iPhone. Reclámalo aquí: (urgente),¡Felicidades! Has ganado un iPhone. Reclámalo aquí: http://fake-url.com,http://fake-url.com,spam
maria.garcia@cliente.com,No olvides la reunión de mañana a,No olvides la reunión de mañana a las 10 AM.,,ham
noreply@loteria-gratis.win,Heredaste una gran suma de dinero. Contáctanos (urgente),Heredaste una gran suma de dinero. Contáctanos para recibirla.,https://loteria-gratis.win/reclamar-premio,spam
contabilidad@cliente.com,Nos vemos en la cafetería después del,Nos vemos en la cafetería después del trabajo.,,ham
facturacion@seguridadbancaria-alerta.com,Gana dinero fácil desde casa. Solo necesitas (urgente),Gana dinero fácil desde casa. Solo necesitas registrarte aquí: http://scam-money.com,http://scam-money.com,spam
ventas@cliente.com,"Hola, ¿cómo estás? Espero que tengas un","Hola, ¿cómo estás? Espero que tengas un buen día.",,ham
noreply@casino-oro.fun,"Hola, te envío un préstamo sin intereses. (urgente)","Hola, te envío un préstamo sin intereses. Acepta ahora: http://préstamos-falsos.com",http://préstamos-falsos.com,spam
contabilidad@cliente.com,Nos vemos en la cafetería después del,Nos vemos en la cafetería después del trabajo.,,ham
noreply@loteria-gratis.win,Heredaste una gran suma de dinero. Contáctanos (urgente),Heredaste una gran suma de dinero. Contáctanos para recibirla.,https://loteria-gratis.win/reclamar-premio,spam
recursos.humanos@banco.mx,"La película de ayer estuvo increíble, te","La película de ayer estuvo increíble, te la recomiendo.",,ham
facturacion@seguridadbancaria-alerta.com,Gana dinero fácil desde casa. Solo necesitas (urgente),Gana dinero fácil desde casa. Solo necesitas registrarte aquí: http://scam-money.com,http://scam-money.com,spam
recursos.humanos@banco.mx,"La película de ayer estuvo increíble, te","La película de ayer estuvo increíble, te la recomiendo.",,ham
finanzas@loteria-gratis.win,Eres el afortunado ganador de un sorteo. (urgente),Eres el afortunado ganador de un sorteo. Reclama tu premio ahora.,https://loteria-gratis.win/reclamar-premio,spam
contabilidad@cliente.com,Nos vemos en la cafetería después del,Nos vemos en la cafetería después del trabajo.,,ham
facturacion@netflix-pagos.support,¡Compra ahora! Descuento del 80% solo por,¡Compra ahora! Descuento del 80% solo por hoy en nuestra tienda online.,https://netflix-pagos.support/oferta,spam
contabilidad@universidad.mx,Recuerda llevar la documentación para la cita,Recuerda llevar la documentación para la cita del médico.,,ham
noreply@casino-oro.fun,"Hola, te envío un préstamo sin intereses. (urgente)","Hola, te envío un préstamo sin intereses. Acepta ahora: http://préstamos-falsos.com",http://préstamos-falsos.com,spam
ventas@cliente.com,"Hola, ¿cómo estás? Espero que tengas un","Hola, ¿cómo estás? Espero que tengas un buen día.",,ham
noreply@bono-gob.mx.co,URGENTE: Tu cuenta bancaria será bloqueada. Verifica,URGENTE: Tu cuenta bancaria será bloqueada. Verifica tus datos aquí: http://phishing.com,http://phishing.com,spam
recursos.humanos@banco.mx,"La película de ayer estuvo increíble, te","La película de ayer estuvo increíble, te la recomiendo.",,ham
soporte@netflix-pagos.support,¡Felicidades! Has ganado un iPhone. Reclámalo aquí: (urgente),¡Felicidades! Has ganado un iPhone. Reclámalo aquí: http://fake-url.com,http://fake-url.com,spam
ventas@cliente.com,"Feliz cumpleaños, espero que lo pases genial","Feliz cumpleaños, espero que lo pases genial con tu familia.",,ham
finanzas@loteria-gratis.win,Eres el afortunado ganador de un sorteo. (urgente),Eres el afortunado ganador de un sorteo. Reclama tu premio ahora.,https://loteria-gratis.win/reclamar-premio,spam
ventas@cliente.com,"Hola, ¿cómo estás? Espero que tengas un","Hola, ¿cómo estás? Espero que tengas un buen día.",,ham
facturacion@seguridadbancaria-alerta.com,Somos del servicio técnico de Microsoft. Tu (urgente),Somos del servicio técnico de Microsoft. Tu computadora tiene un virus.,https://seguridadbancaria-alerta.com/oferta,spam
contabilidad@universidad.mx,Recuerda llevar la documentación para la cita,Recuerda llevar la documentación para la cita del médico.,,ham
finanzas@loteria-gratis.win,Eres el afortunado ganador de un sorteo. (urgente),Eres el afortunado ganador de un sorteo. Reclama tu premio ahora.,https://loteria-gratis.win/reclamar-premio,spam
contabilidad@universidad.mx,Recuerda llevar la documentación para la cita,Recuerda llevar la documentación para la cita del médico.,,ham
noreply@bono-gob.mx.co,URGENTE: Tu cuenta bancaria será bloqueada. Verifica,URGENTE: Tu cuenta bancaria será bloqueada. Verifica tus datos aquí: http://phishing.com,http://phishing.com,spam
ventas@cliente.com,"Feliz cumpleaños, espero que lo pases genial","Feliz cumpleaños, espero que lo pases genial con tu familia.",,ham
noreply@casino-oro.fun,"Hola, te envío un préstamo sin intereses. (urgente)","Hola, te envío un préstamo sin intereses. Acepta ahora: http://préstamos-falsos.com",http://préstamos-falsos.com,spam
juan.perez@banco.mx,Mamá me dijo que estarás en casa,Mamá me dijo que estarás en casa este fin de semana.,,ham
soporte@netflix-pagos.support,¡Felicidades! Has ganado un iPhone. Reclámalo aquí: (urgente),¡Felicidades! Has ganado un iPhone. Reclámalo aquí: http://fake-url.com,http://fake-url.com,spam
contabilidad@universidad.mx,Recuerda llevar la documentación para la cita,Recuerda llevar la documentación para la cita del médico.,,ham
marketing@netflix-pagos.support,Descarga esta app y obtén recompensas exclusivas. (urgente),Descarga esta app y obtén recompensas exclusivas. Solo disponible hoy.,https://netflix-pagos.support/oferta,spam
ventas@cliente.com,"Hola, ¿cómo estás? Espero que tengas un","Hola, ¿cómo estás? Espero que tengas un buen día.",,ham
facturacion@netflix-pagos.support,¡Compra ahora! Descuento del 80% solo por,¡Compra ahora! Descuento del 80% solo por hoy en nuestra tienda online.,https://netflix-pagos.support/oferta,spam
maria.garcia@cliente.com,No olvides la reunión de mañana a,No olvides la reunión de mañana a las 10 AM.,,ham
noreply@casino-oro.fun,"Hola, te envío un préstamo sin intereses. (urgente)","Hola, te envío un préstamo sin intereses. Acepta ahora: http://préstamos-falsos.com",http://préstamos-falsos.com,spam
maria.garcia@cliente.com,No olvides la reunión de mañana a,No olvides la reunión de mañana a las 10 AM.,,ham
facturacion@seguridadbancaria-alerta.com,Gana dinero fácil desde casa. Solo necesitas (urgente),Gana dinero fácil desde casa. Solo necesitas registrarte aquí: http://scam-money.com,http://scam-money.com,spam
contabilidad@universidad.mx,Recuerda llevar la documentación para la cita,Recuerda llevar la documentación para la cita del médico.,,ham
soporte@netflix-pagos.support,¡Felicidades! Has ganado un iPhone. Reclámalo aquí: (urgente),¡Felicidades! Has ganado un iPhone. Reclámalo aquí: http://fake-url.com,http://fake-url.com,spam
ventas@empresa.com,¿Puedes enviarme el informe antes de la,¿Puedes enviarme el informe antes de la tarde?,,ham
promos@bono-gob.mx.co,Este mensaje es para informarte que ganaste (urgente),Este mensaje es para informarte que ganaste una tarjeta de regalo.,https://loteria-gratis.win/reclamar-premio,spam
maria.garcia@cliente.com,No olvides la reunión de mañana a,No olvides la reunión de mañana a las 10 AM.,,ham
promos@bono-gob.mx.co,Este mensaje es para informarte que ganaste (urgente),Este mensaje es para informarte que ganaste una tarjeta de regalo.,https://loteria-gratis.win/reclamar-premio,spam
soporte@empresa.com,¿Qué planes tienes para el próximo feriado?,¿Qué planes tienes para el próximo feriado?,,ham
noreply@bono-gob.mx.co,URGENTE: Tu cuenta bancaria será bloqueada. Verifica,URGENTE: Tu cuenta bancaria será bloqueada. Verifica tus datos aquí: http://phishing.com,http://phishing.com,spam
ventas@cliente.com,"Feliz cumpleaños, espero que lo pases genial","Feliz cumpleaños, espero que lo pases genial con tu familia.",,ham
noreply@loteria-gratis.win,Heredaste una gran suma de dinero. Contáctanos (urgente),Heredaste una gran suma de dinero. Contáctanos para recibirla.,https://loteria-gratis.win/reclamar-premio,spam
ventas@cliente.com,"Feliz cumpleaños, espero que lo pases genial","Feliz cumpleaños, espero que lo pases genial con tu familia.",,ham
facturacion@netflix-pagos.support,¡Compra ahora! Descuento del 80% solo por,¡Compra ahora! Descuento del 80% solo por hoy en nuestra tienda online.,https://netflix-pagos.support/oferta,spam
contabilidad@universidad.mx,Recuerda llevar la documentación para la cita,Recuerda llevar la documentación para la cita del médico.,,ham
marketing@netflix-pagos.support,Descarga esta app y obtén recompensas exclusivas. (urgente),Descarga esta app y obtén recompensas exclusivas. Solo disponible hoy.,https://netflix-pagos.support/oferta,spam
contabilidad@cliente.com,Nos vemos en la cafetería después del,Nos vemos en la cafetería después del trabajo.,,ham
marketing@netflix-pagos.support,Descarga esta app y obtén recompensas exclusivas. (urgente),Descarga esta app y obtén recompensas exclusivas. Solo disponible hoy.,https://netflix-pagos.support/oferta,spam
recursos.humanos@banco.mx,"La película de ayer estuvo increíble, te","La película de ayer estuvo increíble, te la recomiendo.",,ham
finanzas@loteria-gratis.win,Eres el afortunado ganador de un sorteo. (urgente),Eres el afortunado ganador de un sorteo. Reclama tu premio ahora.,https://loteria-gratis.win/reclamar-premio,spam
contabilidad@cliente.com,Nos vemos en la cafetería después del,Nos vemos en la cafetería después del trabajo.,,ham
facturacion@netflix-pagos.support,¡Compra ahora! Descuento del 80% solo por,¡Compra ahora! Descuento del 80% solo por hoy en nuestra tienda online.,https://netflix-pagos.support/oferta,spam
contabilidad@cliente.com,Nos vemos en la cafetería después del,Nos vemos en la cafetería después del trabajo.,,ham
soporte@netflix-pagos.support,¡Felicidades! Has ganado un iPhone. Reclámalo aquí: (urgente),¡Felicidades! Has ganado un iPhone. Reclámalo aquí: http://fake-url.com,http://fake-url.com,spam
ventas@cliente.com,"Feliz cumpleaños, espero que lo pases genial","Feliz cumpleaños, espero que lo pases genial con tu familia.",,ham
facturacion@netflix-pagos.support,¡Compra ahora! Descuento del 80% solo por,¡Compra ahora! Descuento del 80% solo por hoy en nuestra tienda online.,https://netflix-pagos.support/oferta,spam
soporte@empresa.com,¿Qué planes tienes para el próximo feriado?,¿Qué planes tienes para el próximo feriado?,,ham
facturacion@netflix-pagos.support,¡Compra ahora! Descuento del 80% solo por,¡Compra ahora! Descuento del 80% solo por hoy en nuestra tienda online.,https://netflix-pagos.support/oferta,spam
ventas@cliente.com,"Feliz cumpleaños, espero que lo pases genial","Feliz cumpleaños, espero que lo pases genial con tu familia.",,ham
facturacion@seguridadbancaria-alerta.com,Somos del servicio técnico de Microsoft. Tu (urgente),Somos del servicio técnico de Microsoft. Tu computadora tiene un virus.,https://seguridadbancaria-alerta.com/oferta,spam
ventas@cliente.com,"Feliz cumpleaños, espero que lo pases genial","Feliz cumpleaños, espero que lo pases genial con tu familia.",,ham
facturacion@seguridadbancaria-alerta.com,Gana dinero fácil desde casa. Solo necesitas (urgente),Gana dinero fácil desde casa. Solo necesitas registrarte aquí: http://scam-money.com,http://scam-money.com,spam
ventas@cliente.com,"Feliz cumpleaños, espero que lo pases genial","Feliz cumpleaños, espero que lo pases genial con tu familia.",,ham
marketing@netflix-pagos.support,Descarga esta app y obtén recompensas exclusivas. (urgente),Descarga esta app y obtén recompensas exclusivas. Solo disponible hoy.,https://netflix-pagos.support/oferta,spam
compras@hospital.mx,"Voy a llegar un poco tarde, hay","Voy a llegar un poco tarde, hay mucho tráfico.",,ham
noreply@casino-oro.fun,"Hola, te envío un préstamo sin intereses. (urgente)","Hola, te envío un préstamo sin intereses. Acepta ahora: http://préstamos-falsos.com",http://préstamos-falsos.com,spam
ventas@cliente.com,"Feliz cumpleaños, espero que lo pases genial","Feliz cumpleaños, espero que lo pases genial con tu familia.",,ham
finanzas@loteria-gratis.win,Eres el afortunado ganador de un sorteo. (urgente),Eres el afortunado ganador de un sorteo. Reclama tu premio ahora.,https://loteria-gratis.win/reclamar-premio,spam
contabilidad@cliente.com,Nos vemos en la cafetería después del,Nos vemos en la cafetería después del trabajo.,,ham
noreply@bono-gob.mx.co,URGENTE: Tu cuenta bancaria será bloqueada. Verifica,URGENTE: Tu cuenta bancaria será bloqueada. Verifica tus datos aquí: http://phishing.com,http://phishing.com,spam
contabilidad@universidad.mx,Recuerda llevar la documentación para la cita,Recuerda llevar la documentación para la cita del médico.,,ham
facturacion@netflix-pagos.support,¡Compra ahora! Descuento del 80% solo por,¡Compra ahora! Descuento del 80% solo por hoy en nuestra tienda online.,https://netflix-pagos.support/oferta,spam
recursos.humanos@banco.mx,"La película de ayer estuvo increíble, te","La película de ayer estuvo increíble, te la recomiendo.",,ham
marketing@netflix-pagos.support,Descarga esta app y obtén recompensas exclusivas. (urgente),Descarga esta app y obtén recompensas exclusivas. Solo disponible hoy.,https://netflix-pagos.support/oferta,spam
soporte@empresa.com,¿Qué planes tienes para el próximo feriado?,¿Qué planes tienes para el próximo feriado?,,ham
facturacion@seguridadbancaria-alerta.com,Somos del servicio técnico de Microsoft. Tu (urgente),Somos del servicio técnico de Microsoft. Tu computadora tiene un virus.,https://seguridadbancaria-alerta.com/oferta,spam
soporte@empresa.com,¿Qué planes tienes para el próximo feriado?,¿Qué planes tienes para el próximo feriado?,,ham
finanzas@loteria-gratis.win,Eres el afortunado ganador de un sorteo. (urgente),Eres el afortunado ganador de un sorteo. Reclama tu premio ahora.,https://loteria-gratis.win/reclamar-premio,spam
maria.garcia@cliente.com,No olvides la reunión de mañana a,No olvides la reunión de mañana a las 10 AM.,,ham
noreply@casino-oro.fun,"Hola, te envío un préstamo sin intereses. (urgente)","Hola, te envío un préstamo sin intereses. Acepta ahora: http://préstamos-falsos.com",http://préstamos-falsos.com,spam
ventas@cliente.com,"Hola, ¿cómo estás? Espero que tengas un","Hola, ¿cómo estás? Espero que tengas un buen día.",,ham
noreply@loteria-gratis.win,Heredaste una gran suma de dinero. Contáctanos (urgente),Heredaste una gran suma de dinero. Contáctanos para recibirla.,https://loteria-gratis.win/reclamar-premio,spam
contabilidad@universidad.mx,Recuerda llevar la documentación para la cita,Recuerda llevar la documentación para la cita del médico.,,ham
noreply@loteria-gratis.win,Heredaste una gran suma de dinero. Contáctanos (urgente),Heredaste una gran suma de dinero. Contáctanos para recibirla.,https://loteria-gratis.win/reclamar-premio,spam
contabilidad@universidad.mx,Recuerda llevar la documentación para la cita,Recuerda llevar la documentación para la cita del médico.,,ham
facturacion@netflix-pagos.support,¡Compra ahora! Descuento del 80% solo por,¡Compra ahora! Descuento del 80% solo por hoy en nuestra tienda online.,https://netflix-pagos.support/oferta,spam
contabilidad@universidad.mx,Recuerda llevar la documentación para la cita,Recuerda llevar la documentación para la cita del médico.,,ham
facturacion@netflix-pagos.support,¡Compra ahora! Descuento del 80% solo por,¡Compra ahora! Descuento del 80% solo por hoy en nuestra tienda online.,https://netflix-pagos.support/oferta,spam
ventas@cliente.com,"Feliz cumpleaños, espero que lo pases genial","Feliz cumpleaños, espero que lo pases genial con tu familia.",,ham
facturacion@netflix-pagos.support,¡Compra ahora! Descuento del 80% solo por,¡Compra ahora! Descuento del 80% solo por hoy en nuestra tienda online.,https://netflix-pagos.support/oferta,spam
maria.garcia@cliente.com,No olvides la reunión de mañana a,No olvides la reunión de mañana a las 10 AM.,,ham
noreply@casino-oro.fun,"Hola, te envío un préstamo sin intereses. (urgente)","Hola, te envío un préstamo sin intereses. Acepta ahora: http://préstamos-falsos.com",http://préstamos-falsos.com,spam
ventas@empresa.com,¿Puedes enviarme el informe antes de la,¿Puedes enviarme el informe antes de la tarde?,,ham
noreply@loteria-gratis.win,Heredaste una gran suma de dinero. Contáctanos (urgente),Heredaste una gran suma de dinero. Contáctanos para recibirla.,https://loteria-gratis.win/reclamar-premio,spam
contabilidad@cliente.com,Nos vemos en la cafetería después del,Nos vemos en la cafetería después del trabajo.,,ham
promos@bono-gob.mx.co,Este mensaje es para informarte que ganaste (urgente),Este mensaje es para informarte que ganaste una tarjeta de regalo.,https://loteria-gratis.win/reclamar-premio,spam
juan.perez@banco.mx,Mamá me dijo que estarás en casa,Mamá me dijo que estarás en casa este fin de semana.,,ham
noreply@loteria-gratis.win,Heredaste una gran suma de dinero. Contáctanos (urgente),Heredaste una gran suma de dinero. Contáctanos para recibirla.,https://loteria-gratis.win/reclamar-premio,spam
ventas@cliente.com,"Hola, ¿cómo estás? Espero que tengas un","Hola, ¿cómo estás? Espero que tengas un buen día.",,ham
facturacion@seguridadbancaria-alerta.com,Gana dinero fácil desde casa. Solo necesitas (urgente),Gana dinero fácil desde casa. Solo necesitas registrarte aquí: http://scam-money.com,http://scam-money.com,spam
ventas@cliente.com,"Hola, ¿cómo estás? Espero que tengas un","Hola, ¿cómo estás? Espero que tengas un buen día.",,ham
facturacion@netflix-pagos.support,¡Compra ahora! Descuento del 80% solo por,¡Compra ahora! Descuento del 80% solo por hoy en nuestra tienda online.,https://netflix-pagos.support/oferta,spam
maria.garcia@cliente.com,No olvides la reunión de mañana a,No olvides la reunión de mañana a las 10 AM.,,ham
facturacion@seguridadbancaria-alerta.com,Somos del servicio técnico de Microsoft. Tu (urgente),Somos del servicio técnico de Microsoft. Tu computadora tiene un virus.,https://seguridadbancaria-alerta.com/oferta,spam
contabilidad@cliente.com,Nos vemos en la cafetería después del,Nos vemos en la cafetería después del trabajo.,,ham
promos@bono-gob.mx.co,Este mensaje es para informarte que ganaste (urgente),Este mensaje es para informarte que ganaste una tarjeta de regalo.,https://loteria-gratis.win/reclamar-premio,spam
contabilidad@cliente.com,Nos vemos en la cafetería después del,Nos vemos en la cafetería después del trabajo.,,ham
facturacion@seguridadbancaria-alerta.com,Gana dinero fácil desde casa. Solo necesitas (urgente),Gana dinero fácil desde casa. Solo necesitas registrarte aquí: http://scam-money.com,http://scam-money.com,spam
ventas@empresa.com,¿Puedes enviarme el informe antes de la,¿Puedes enviarme el informe antes de la tarde?,,ham
soporte@netflix-pagos.support,¡Felicidades! Has ganado un iPhone. Reclámalo aquí: (urgente),¡Felicidades! Has ganado un iPhone. Reclámalo aquí: http://fake-url.com,http://fake-url.com,spam
ventas@empresa.com,¿Puedes enviarme el informe antes de la,¿Puedes enviarme el informe antes de la tarde?,,ham
facturacion@seguridadbancaria-alerta.com,Somos del servicio técnico de Microsoft. Tu (urgente),Somos del servicio técnico de Microsoft. Tu computadora tiene un virus.,https://seguridadbancaria-alerta.com/oferta,spam
recursos.humanos@banco.mx,"La película de ayer estuvo increíble, te","La película de ayer estuvo increíble, te la recomiendo.",,ham
noreply@bono-gob.mx.co,URGENTE: Tu cuenta bancaria será bloqueada. Verifica,URGENTE: Tu cuenta bancaria será bloqueada. Verifica tus datos aquí: http://phishing.com,http://phishing.com,spam
maria.garcia@cliente.com,No olvides la reunión de mañana a,No olvides la reunión de mañana a las 10 AM.,,ham
facturacion@seguridadbancaria-alerta.com,Somos del servicio técnico de Microsoft. Tu (urgente),Somos del servicio técnico de Microsoft. Tu computadora tiene un virus.,https://seguridadbancaria-alerta.com/oferta,spam
ventas@empresa.com,¿Puedes enviarme el informe antes de la,¿Puedes enviarme el informe antes de la tarde?,,ham
finanzas@loteria-gratis.win,Eres el afortunado ganador de un sorteo. (urgente),Eres el afortunado ganador de un sorteo. Reclama tu premio ahora.,https://loteria-gratis.win/reclamar-premio,spam
ventas@empresa.com,¿Puedes enviarme el informe antes de la,¿Puedes enviarme el informe antes de la tarde?,,ham
facturacion@seguridadbancaria-alerta.com,Somos del servicio técnico de Microsoft. Tu (urgente),Somos del servicio técnico de Microsoft. Tu computadora tiene un virus.,https://seguridadbancaria-alerta.com/oferta,spam
recursos.humanos@banco.mx,"La película de ayer estuvo increíble, te","La película de ayer estuvo increíble, te la recomiendo.",,ham
facturacion@netflix-pagos.support,¡Compra ahora! Descuento del 80% solo por,¡Compra ahora! Descuento del 80% solo por hoy en nuestra tienda online.,https://netflix-pagos.support/oferta,spam
compras@hospital.mx,"Voy a llegar un poco tarde, hay","Voy a llegar un poco tarde, hay mucho tráfico.",,ham
finanzas@loteria-gratis.win,Eres el afortunado ganador de un sorteo. (urgente),Eres el afortunado ganador de un sorteo. Reclama tu premio ahora.,https://loteria-gratis.win/reclamar-premio,spam
contabilidad@cliente.com,Nos vemos en la cafetería después del,Nos vemos en la cafetería después del trabajo.,,ham
promos@bono-gob.mx.co,Este mensaje es para informarte que ganaste (urgente),Este mensaje es para informarte que ganaste una tarjeta de regalo.,https://loteria-gratis.win/reclamar-premio,spam
compras@hospital.mx,"Voy a llegar un poco tarde, hay","Voy a llegar un poco tarde, hay mucho tráfico.",,ham
marketing@netflix-pagos.support,Descarga esta app y obtén recompensas exclusivas. (urgente),Descarga esta app y obtén recompensas exclusivas. Solo disponible hoy.,https://netflix-pagos.support/oferta,spam
juan.perez@banco.mx,Mamá me dijo que estarás en casa,Mamá me dijo que estarás en casa este fin de semana.,,ham
noreply@bono-gob.mx.co,URGENTE: Tu cuenta bancaria será bloqueada. Verifica,URGENTE: Tu cuenta bancaria será bloqueada. Verifica tus datos aquí: http://phishing.com,http://phishing.com,spam
contabilidad@cliente.com,Nos vemos en la cafetería después del,Nos vemos en la cafetería después del trabajo.,,ham
finanzas@loteria-gratis.win,Eres el afortunado ganador de un sorteo. (urgente),Eres el afortunado ganador de un sorteo. Reclama tu premio ahora.,https://loteria-gratis.win/reclamar-premio,spam
soporte@empresa.com,¿Qué planes tienes para el próximo feriado?,¿Qué planes tienes para el próximo feriado?,,ham
noreply@casino-oro.fun,"Hola, te envío un préstamo sin intereses. (urgente)","Hola, te envío un préstamo sin intereses. Acepta ahora: http://préstamos-falsos.com",http://préstamos-falsos.com,spam
soporte@empresa.com,¿Qué planes tienes para el próximo feriado?,¿Qué planes tienes para el próximo feriado?,,ham
promos@bono-gob.mx.co,Este mensaje es para informarte que ganaste (urgente),Este mensaje es para informarte que ganaste una tarjeta de regalo.,https://loteria-gratis.win/reclamar-premio,spam
ventas@cliente.com,"Hola, ¿cómo estás? Espero que tengas un","Hola, ¿cómo estás? Espero que tengas un buen día.",,ham
noreply@bono-gob.mx.co,URGENTE: Tu cuenta bancaria será bloqueada. Verifica,URGENTE: Tu cuenta bancaria será bloqueada. Verifica tus datos aquí: http://phishing.com,http://phishing.com,spam
maria.garcia@cliente.com,No olvides la reunión de mañana a,No olvides la reunión de mañana a las 10 AM.,,ham
soporte@netflix-pagos.support,¡Felicidades! Has ganado un iPhone. Reclámalo aquí: (urgente),¡Felicidades! Has ganado un iPhone. Reclámalo aquí: http://fake-url.com,http://fake-url.com,spam
recursos.humanos@banco.mx,"La película de ayer estuvo increíble, te","La película de ayer estuvo increíble, te la recomiendo.",,ham
finanzas@loteria-gratis.win,Eres el afortunado ganador de un sorteo. (urgente),Eres el afortunado ganador de un sorteo. Reclama tu premio ahora.,https://loteria-gratis.win/reclamar-premio,spam
recursos.humanos@banco.mx,"La película de ayer estuvo increíble, te","La película de ayer estuvo increíble, te la recomiendo.",,ham
facturacion@netflix-pagos.support,¡Compra ahora! Descuento del 80% solo por,¡Compra ahora! Descuento del 80% solo por hoy en nuestra tienda online.,https://netflix-pagos.support/oferta,spam
contabilidad@cliente.com,Nos vemos en la cafetería después del,Nos vemos en la cafetería después del trabajo.,,ham
facturacion@seguridadbancaria-alerta.com,Somos del servicio técnico de Microsoft. Tu (urgente),Somos del servicio técnico de Microsoft. Tu computadora tiene un virus.,https://seguridadbancaria-alerta.com/oferta,spam
ventas@empresa.com,¿Puedes enviarme el informe antes de la,¿Puedes enviarme el informe antes de la tarde?,,ham
noreply@casino-oro.fun,"Hola, te envío un préstamo sin intereses. (urgente)","Hola, te envío un préstamo sin intereses. Acepta ahora: http://préstamos-falsos.com",http://préstamos-falsos.com,spam
soporte@empresa.com,¿Qué planes tienes para el próximo feriado?,¿Qué planes tienes para el próximo feriado?,,ham
promos@bono-gob.mx.co,Este mensaje es para informarte que ganaste (urgente),Este mensaje es para informarte que ganaste una tarjeta de regalo.,https://loteria-gratis.win/reclamar-premio,spam
contabilidad@cliente.com,Nos vemos en la cafetería después del,Nos vemos en la cafetería después del trabajo.,,ham
facturacion@netflix-pagos.support,¡Compra ahora! Descuento del 80% solo por,¡Compra ahora! Descuento del 80% solo por hoy en nuestra tienda online.,https://netflix-pagos.support/oferta,spam
contabilidad@universidad.mx,Recuerda llevar la documentación para la cita,Recuerda llevar la documentación para la cita del médico.,,ham
promos@bono-gob.mx.co,Este mensaje es para informarte que ganaste (urgente),Este mensaje es para informarte que ganaste una tarjeta de regalo.,https://loteria-gratis.win/reclamar-premio,spam
ventas@cliente.com,"Feliz cumpleaños, espero que lo pases genial","Feliz cumpleaños, espero que lo pases genial con tu familia.",,ham
facturacion@seguridadbancaria-alerta.com,Somos del servicio técnico de Microsoft. Tu (urgente),Somos del servicio técnico de Microsoft. Tu computadora tiene un virus.,https://seguridadbancaria-alerta.com/oferta,spam
contabilidad@cliente.com,Nos vemos en la cafetería después del,Nos vemos en la cafetería después del trabajo.,,ham
facturacion@netflix-pagos.support,¡Compra ahora! Descuento del 80% solo por,¡Compra ahora! Descuento del 80% solo por hoy en nuestra tienda online.,https://netflix-pagos.support/oferta,spam
juan.perez@banco.mx,Mamá me dijo que estarás en casa,Mamá me dijo que estarás en casa este fin de semana.,,ham
facturacion@netflix-pagos.support,¡Compra ahora! Descuento del 80% solo por,¡Compra ahora! Descuento del 80% solo por hoy en nuestra tienda online.,https://netflix-pagos.support/oferta,spam
juan.perez@banco.mx,Mamá me dijo que estarás en casa,Mamá me dijo que estarás en casa este fin de semana.,,ham
facturacion@seguridadbancaria-alerta.com,Somos del servicio técnico de Microsoft. Tu (urgente),Somos del servicio técnico de Microsoft. Tu computadora tiene un virus.,https://seguridadbancaria-alerta.com/oferta,spam
contabilidad@universidad.mx,Recuerda llevar la documentación para la cita,Recuerda llevar la documentación para la cita del médico.,,ham
noreply@casino-oro.fun,"Hola, te envío un préstamo sin intereses. (urgente)","Hola, te envío un préstamo sin intereses. Acepta ahora: http://préstamos-falsos.com",http://préstamos-falsos.com,spam
recursos.humanos@banco.mx,"La película de ayer estuvo increíble, te","La película de ayer estuvo increíble, te la recomiendo.",,ham
facturacion@seguridadbancaria-alerta.com,Somos del servicio técnico de Microsoft. Tu (urgente),Somos del servicio técnico de Microsoft. Tu computadora tiene un virus.,https://seguridadbancaria-alerta.com/oferta,spam
recursos.humanos@banco.mx,"La película de ayer estuvo increíble, te","La película de ayer estuvo increíble, te la recomiendo.",,ham
facturacion@seguridadbancaria-alerta.com,Somos del servicio técnico de Microsoft. Tu (urgente),Somos del servicio técnico de Microsoft. Tu computadora tiene un virus.,https://seguridadbancaria-alerta.com/oferta,spam
ventas@cliente.com,"Feliz cumpleaños, espero que lo pases genial","Feliz cumpleaños, espero que lo pases genial con tu familia.",,ham
facturacion@seguridadbancaria-alerta.com,Somos del servicio técnico de Microsoft. Tu (urgente),Somos del servicio técnico de Microsoft. Tu computadora tiene un virus.,https://seguridadbancaria-alerta.com/oferta,spam
compras@hospital.mx,"Voy a llegar un poco tarde, hay","Voy a llegar un poco tarde, hay mucho tráfico.",,ham
soporte@netflix-pagos.support,¡Felicidades! Has ganado un iPhone. Reclámalo aquí: (urgente),¡Felicidades! Has ganado un iPhone. Reclámalo aquí: http://fake-url.com,http://fake-url.com,spam
ventas@cliente.com,"Feliz cumpleaños, espero que lo pases genial","Feliz cumpleaños, espero que lo pases genial con tu familia.",,ham
marketing@netflix-pagos.support,Descarga esta app y obtén recompensas exclusivas. (urgente),Descarga esta app y obtén recompensas exclusivas. Solo disponible hoy.,https://netflix-pagos.support/oferta,spam
maria.garcia@cliente.com,No olvides la reunión de mañana a,No olvides la reunión de mañana a las 10 AM.,,ham
promos@bono-gob.mx.co,Este mensaje es para informarte que ganaste (urgente),Este mensaje es para informarte que ganaste una tarjeta de regalo.,https://loteria-gratis.win/reclamar-premio,spam
juan.perez@banco.mx,Mamá me dijo que estarás en casa,Mamá me dijo que estarás en casa este fin de semana.,,ham
facturacion@seguridadbancaria-alerta.com,Gana dinero fácil desde casa. Solo necesitas (urgente),Gana dinero fácil desde casa. Solo necesitas registrarte aquí: http://scam-money.com,http://scam-money.com,spam
juan.perez@banco.mx,Mamá me dijo que estarás en casa,Mamá me dijo que estarás en casa este fin de semana.,,ham
finanzas@loteria-gratis.win,Eres el afortunado ganador de un sorteo. (urgente),Eres el afortunado ganador de un sorteo. Reclama tu premio ahora.,https://loteria-gratis.win/reclamar-premio,spam
contabilidad@cliente.com,Nos vemos en la cafetería después del,Nos vemos en la cafetería después del trabajo.,,ham
promos@bono-gob.mx.co,Este mensaje es para informarte que ganaste (urgente),Este mensaje es para informarte que ganaste una tarjeta de regalo.,https://loteria-gratis.win/reclamar-premio,spam
recursos.humanos@banco.mx,"La película de ayer estuvo increíble, te","La película de ayer estuvo increíble, te la recomiendo.",,ham
promos@bono-gob.mx.co,Este mensaje es para informarte que ganaste (urgente),Este mensaje es para informarte que ganaste una tarjeta de regalo.,https://loteria-gratis.win/reclamar-premio,spam
juan.perez@banco.mx,Mamá me dijo que estarás en casa,Mamá me dijo que estarás en casa este fin de semana.,,ham
finanzas@loteria-gratis.win,Eres el afortunado ganador de un sorteo. (urgente),Eres el afortunado ganador de un sorteo. Reclama tu premio ahora.,https://loteria-gratis.win/reclamar-premio,spam
ventas@cliente.com,"Hola, ¿cómo estás? Espero que tengas un","Hola, ¿cómo estás? Espero que tengas un buen día.",,ham
marketing@netflix-pagos.support,Descarga esta app y obtén recompensas exclusivas. (urgente),Descarga esta app y obtén recompensas exclusivas. Solo disponible hoy.,https://netflix-pagos.support/oferta,spam
juan.perez@banco.mx,Mamá me dijo que estarás en casa,Mamá me dijo que estarás en casa este fin de semana.,,ham
promos@bono-gob.mx.co,Este mensaje es para informarte que ganaste (urgente),Este mensaje es para informarte que ganaste una tarjeta de regalo.,https://loteria-gratis.win/reclamar-premio,spam
contabilidad@universidad.mx,Recuerda llevar la documentación para la cita,Recuerda llevar la documentación para la cita del médico.,,ham
finanzas@loteria-gratis.win,Eres el afortunado ganador de un sorteo. (urgente),Eres el afortunado ganador de un sorteo. Reclama tu premio ahora.,https://loteria-gratis.win/reclamar-premio,spam
soporte@empresa.com,¿Qué planes tienes para el próximo feriado?,¿Qué planes tienes para el próximo feriado?,,ham
marketing@netflix-pagos.support,Descarga esta app y obtén recompensas exclusivas. (urgente),Descarga esta app y obtén recompensas exclusivas. Solo disponible hoy.,https://netflix-pagos.support/oferta,spam
maria.garcia@cliente.com,No olvides la reunión de mañana a,No olvides la reunión de mañana a las 10 AM.,,ham
facturacion@netflix-pagos.support,¡Compra ahora! Descuento del 80% solo por,¡Compra ahora! Descuento del 80% solo por hoy en nuestra tienda online.,https://netflix-pagos.support/oferta,spam
ventas@cliente.com,"Feliz cumpleaños, espero que lo pases genial","Feliz cumpleaños, espero que lo pases genial con tu familia.",,ham
noreply@casino-oro.fun,"Hola, te envío un préstamo sin intereses. (urgente)","Hola, te envío un préstamo sin intereses. Acepta ahora: http://préstamos-falsos.com",http://préstamos-falsos.com,spam
recursos.humanos@banco.mx,"La película de ayer estuvo increíble, te","La película de ayer estuvo increíble, te la recomiendo.",,ham
promos@bono-gob.mx.co,Este mensaje es para informarte que ganaste (urgente),Este mensaje es para informarte que ganaste una tarjeta de regalo.,https://loteria-gratis.win/reclamar-premio,spam
recursos.humanos@banco.mx,"La película de ayer estuvo increíble, te","La película de ayer estuvo increíble, te la recomiendo.",,ham
promos@bono-gob.mx.co,Este mensaje es para informarte que ganaste (urgente),Este mensaje es para informarte que ganaste una tarjeta de regalo.,https://loteria-gratis.win/reclamar-premio,spam
contabilidad@cliente.com,Nos vemos en la cafetería después del,Nos vemos en la cafetería después del trabajo.,,ham
marketing@netflix-pagos.support,Descarga esta app y obtén recompensas exclusivas. (urgente),Descarga esta app y obtén recompensas exclusivas. Solo disponible hoy.,https://netflix-pagos.support/oferta,spam
compras@hospital.mx,"Voy a llegar un poco tarde, hay","Voy a llegar un poco tarde, hay mucho tráfico.",,ham
facturacion@seguridadbancaria-alerta.com,Somos del servicio técnico de Microsoft. Tu (urgente),Somos del servicio técnico de Microsoft. Tu computadora tiene un virus.,https://seguridadbancaria-alerta.com/oferta,spam
ventas@cliente.com,"Feliz cumpleaños, espero que lo pases genial","Feliz cumpleaños, espero que lo pases genial con tu familia.",,ham
noreply@loteria-gratis.win,Heredaste una gran suma de dinero. Contáctanos (urgente),Heredaste una gran suma de dinero. Contáctanos para recibirla.,https://loteria-gratis.win/reclamar-premio,spam
recursos.humanos@banco.mx,"La película de ayer estuvo increíble, te","La película de ayer estuvo increíble, te la recomiendo.",,ham
facturacion@seguridadbancaria-alerta.com,Somos del servicio técnico de Microsoft. Tu (urgente),Somos del servicio técnico de Microsoft. Tu computadora tiene un virus.,https://seguridadbancaria-alerta.com/oferta,spam
contabilidad@cliente.com,Nos vemos en la cafetería después del,Nos vemos en la cafetería después del trabajo.,,ham
marketing@netflix-pagos.support,Descarga esta app y obtén recompensas exclusivas. (urgente),Descarga esta app y obtén recompensas exclusivas. Solo disponible hoy.,https://netflix-pagos.support/oferta,spam
compras@hospital.mx,"Voy a llegar un poco tarde, hay","Voy a llegar un poco tarde, hay mucho tráfico.",,ham
facturacion@seguridadbancaria-alerta.com,Gana dinero fácil desde casa. Solo necesitas (urgente),Gana dinero fácil desde casa. Solo necesitas registrarte aquí: http://scam-money.com,http://scam-money.com,spam
maria.garcia@cliente.com,No olvides la reunión de mañana a,No olvides la reunión de mañana a las 10 AM.,,ham
facturacion@seguridadbancaria-alerta.com,Somos del servicio técnico de Microsoft. Tu (urgente),Somos del servicio técnico de Microsoft. Tu computadora tiene un virus.,https://seguridadbancaria-alerta.com/oferta,spam
juan.perez@banco.mx,Mamá me dijo que estarás en casa,Mamá me dijo que estarás en casa este fin de semana.,,ham
noreply@casino-oro.fun,"Hola, te envío un préstamo sin intereses. (urgente)","Hola, te envío un préstamo sin intereses. Acepta ahora: http://préstamos-falsos.com",http://préstamos-falsos.com,spam
ventas@empresa.com,¿Puedes enviarme el informe antes de la,¿Puedes enviarme el informe antes de la tarde?,,ham
facturacion@netflix-pagos.support,¡Compra ahora! Descuento del 80% solo por,¡Compra ahora! Descuento del 80% solo por hoy en nuestra tienda online.,https://netflix-pagos.support/oferta,spam
soporte@empresa.com,¿Qué planes tienes para el próximo feriado?,¿Qué planes tienes para el próximo feriado?,,ham
facturacion@seguridadbancaria-alerta.com,Somos del servicio técnico de Microsoft. Tu (urgente),Somos del servicio técnico de Microsoft. Tu computadora tiene un virus.,https://seguridadbancaria-alerta.com/oferta,spam
soporte@empresa.com,¿Qué planes tienes para el próximo feriado?,¿Qué planes tienes para el próximo feriado?,,ham
finanzas@loteria-gratis.win,Eres el afortunado ganador de un sorteo. (urgente),Eres el afortunado ganador de un sorteo. Reclama tu premio ahora.,https://loteria-gratis.win/reclamar-premio,spam
ventas@cliente.com,"Feliz cumpleaños, espero que lo pases genial","Feliz cumpleaños, espero que lo pases genial con tu familia.",,ham
noreply@bono-gob.mx.co,URGENTE: Tu cuenta bancaria será bloqueada. Verifica,URGENTE: Tu cuenta bancaria será bloqueada. Verifica tus datos aquí: http://phishing.com,http://phishing.com,spam
compras@hospital.mx,"Voy a llegar un poco tarde, hay","Voy a llegar un poco tarde, hay mucho tráfico.",,ham
finanzas@loteria-gratis.win,Eres el afortunado ganador de un sorteo. (urgente),Eres el afortunado ganador de un sorteo. Reclama tu premio ahora.,https://loteria-gratis.win/reclamar-premio,spam
contabilidad@universidad.mx,Recuerda llevar la documentación para la cita,Recuerda llevar la documentación para la cita del médico.,,ham
facturacion@netflix-pagos.support,¡Compra ahora! Descuento del 80% solo por,¡Compra ahora! Descuento del 80% solo por hoy en nuestra tienda online.,https://netflix-pagos.support/oferta,spam
juan.perez@banco.mx,Mamá me dijo que estarás en casa,Mamá me dijo que estarás en casa este fin de semana.,,ham
noreply@bono-gob.mx.co,URGENTE: Tu cuenta bancaria será bloqueada. Verifica,URGENTE: Tu cuenta bancaria será bloqueada. Verifica tus datos aquí: http://phishing.com,http://phishing.com,spam
ventas@empresa.com,¿Puedes enviarme el informe antes de la,¿Puedes enviarme el informe antes de la tarde?,,ham
promos@bono-gob.mx.co,Este mensaje es para informarte que ganaste (urgente),Este mensaje es para informarte que ganaste una tarjeta de regalo.,https://loteria-gratis.win/reclamar-premio,spam
contabilidad@cliente.com,Nos vemos en la cafetería después del,Nos vemos en la cafetería después del trabajo.,,ham
promos@bono-gob.mx.co,Este mensaje es para informarte que ganaste (urgente),Este mensaje es para informarte que ganaste una tarjeta de regalo.,https://loteria-gratis.win/reclamar-premio,spam
contabilidad@cliente.com,Nos vemos en la cafetería después del,Nos vemos en la cafetería después del trabajo.,,ham
promos@bono-gob.mx.co,Este mensaje es para informarte que ganaste (urgente),Este mensaje es para informarte que ganaste una tarjeta de regalo.,https://loteria-gratis.win/reclamar-premio,spam
soporte@empresa.com,¿Qué planes tienes para el próximo feriado?,¿Qué planes tienes para el próximo feriado?,,ham
noreply@bono-gob.mx.co,URGENTE: Tu cuenta bancaria será bloqueada. Verifica,URGENTE: Tu cuenta bancaria será bloqueada. Verifica tus datos aquí: http://phishing.com,http://phishing.com,spam
ventas@cliente.com,"Feliz cumpleaños, espero que lo pases genial","Feliz cumpleaños, espero que lo pases genial con tu familia.",,ham
finanzas@loteria-gratis.win,Eres el afortunado ganador de un sorteo. (urgente),Eres el afortunado ganador de un sorteo. Reclama tu premio ahora.,https://loteria-gratis.win/reclamar-premio,spam
recursos.humanos@banco.mx,"La película de ayer estuvo increíble, te","La película de ayer estuvo increíble, te la recomiendo.",,ham
soporte@netflix-pagos.support,¡Felicidades! Has ganado un iPhone. Reclámalo aquí: (urgente),¡Felicidades! Has ganado un iPhone. Reclámalo aquí: http://fake-url.com,http://fake-url.com,spam
maria.garcia@cliente.com,No olvides la reunión de mañana a,No olvides la reunión de mañana a las 10 AM.,,ham
facturacion@netflix-pagos.support,¡Compra ahora! Descuento del 80% solo por,¡Compra ahora! Descuento del 80% solo por hoy en nuestra tienda online.,https://netflix-pagos.support/oferta,spam
ventas@cliente.com,"Hola, ¿cómo estás? Espero que tengas un","Hola, ¿cómo estás? Espero que tengas un buen día.",,ham
facturacion@seguridadbancaria-alerta.com,Gana dinero fácil desde casa. Solo necesitas (urgente),Gana dinero fácil desde casa. Solo necesitas registrarte aquí: http://scam-money.com,http://scam-money.com,spam
ventas@cliente.com,"Feliz cumpleaños, espero que lo pases genial","Feliz cumpleaños, espero que lo pases genial con tu familia.",,ham
marketing@netflix-pagos.support,Descarga esta app y obtén recompensas exclusivas. (urgente),Descarga esta app y obtén recompensas exclusivas. Solo disponible hoy.,https://netflix-pagos.support/oferta,spam
juan.perez@banco.mx,Mamá me dijo que estarás en casa,Mamá me dijo que estarás en casa este fin de semana.,,ham
noreply@loteria-gratis.win,Heredaste una gran suma de dinero. Contáctanos (urgente),Heredaste una gran suma de dinero. Contáctanos para recibirla.,https://loteria-gratis.win/reclamar-premio,spam
recursos.humanos@banco.mx,"La película de ayer estuvo increíble, te","La película de ayer estuvo increíble, te la recomiendo.",,ham
promos@bono-gob.mx.co,Este mensaje es para informarte que ganaste (urgente),Este mensaje es para informarte que ganaste una tarjeta de regalo.,https://loteria-gratis.win/reclamar-premio,spam
ventas@empresa.com,¿Puedes enviarme el informe antes de la,¿Puedes enviarme el informe antes de la tarde?,,ham
marketing@netflix-pagos.support,Descarga esta app y obtén recompensas exclusivas. (urgente),Descarga esta app y obtén recompensas exclusivas. Solo disponible hoy.,https://netflix-pagos.support/oferta,spam
maria.garcia@cliente.com,No olvides la reunión de mañana a,No olvides la reunión de mañana a las 10 AM.,,ham
facturacion@seguridadbancaria-alerta.com,Gana dinero fácil desde casa. Solo necesitas (urgente),Gana dinero fácil desde casa. Solo necesitas registrarte aquí: http://scam-money.com,http://scam-money.com,spam
contabilidad@universidad.mx,Recuerda llevar la documentación para la cita,Recuerda llevar la documentación para la cita del médico.,,ham
facturacion@netflix-pagos.support,¡Compra ahora! Descuento del 80% solo por,¡Compra ahora! Descuento del 80% solo por hoy en nuestra tienda online.,https://netflix-pagos.support/oferta,spam
ventas@cliente.com,"Hola, ¿cómo estás? Espero que tengas un","Hola, ¿cómo estás? Espero que tengas un buen día.",,ham
facturacion@seguridadbancaria-alerta.com,Somos del servicio técnico de Microsoft. Tu (urgente),Somos del servicio técnico de Microsoft. Tu computadora tiene un virus.,https://seguridadbancaria-alerta.com/oferta,spam
juan.perez@banco.mx,Mamá me dijo que estarás en casa,Mamá me dijo que estarás en casa este fin de semana.,,ham
noreply@casino-oro.fun,"Hola, te envío un préstamo sin intereses. (urgente)","Hola, te envío un préstamo sin intereses. Acepta ahora: http://préstamos-falsos.com",http://préstamos-falsos.com,spam
ventas@cliente.com,"Hola, ¿cómo estás? Espero que tengas un","Hola, ¿cómo estás? Espero que tengas un buen día.",,ham
facturacion@seguridadbancaria-alerta.com,Somos del servicio técnico de Microsoft. Tu (urgente),Somos del servicio técnico de Microsoft. Tu computadora tiene un virus.,https://seguridadbancaria-alerta.com/oferta,spam
juan.perez@banco.mx,Mamá me dijo que estarás en casa,Mamá me dijo que estarás en casa este fin de semana.,,ham
finanzas@loteria-gratis.win,Eres el afortunado ganador de un sorteo. (urgente),Eres el afortunado ganador de un sorteo. Reclama tu premio ahora.,https://loteria-gratis.win/reclamar-premio,spam
contabilidad@universidad.mx,Recuerda llevar la documentación para la cita,Recuerda llevar la documentación para la cita del médico.,,ham
marketing@netflix-pagos.support,Descarga esta app y obtén recompensas exclusivas. (urgente),Descarga esta app y obtén recompensas exclusivas. Solo disponible hoy.,https://netflix-pagos.support/oferta,spam
ventas@cliente.com,"Feliz cumpleaños, espero que lo pases genial","Feliz cumpleaños, espero que lo pases genial con tu familia.",,ham
facturacion@netflix-pagos.support,¡Compra ahora! Descuento del 80% solo por,¡Compra ahora! Descuento del 80% solo por hoy en nuestra tienda online.,https://netflix-pagos.support/oferta,spam
juan.perez@banco.mx,Mamá me dijo que estarás en casa,Mamá me dijo que estarás en casa este fin de semana.,,ham
facturacion@seguridadbancaria-alerta.com,Somos del servicio técnico de Microsoft. Tu (urgente),Somos del servicio técnico de Microsoft. Tu computadora tiene un virus.,https://seguridadbancaria-alerta.com/oferta,spam
recursos.humanos@banco.mx,"La película de ayer estuvo increíble, te","La película de ayer estuvo increíble, te la recomiendo.",,ham
noreply@casino-oro.fun,"Hola, te envío un préstamo sin intereses. (urgente)","Hola, te envío un préstamo sin intereses. Acepta ahora: http://préstamos-falsos.com",http://préstamos-falsos.com,spam
ventas@cliente.com,"Hola, ¿cómo estás? Espero que tengas un","Hola, ¿cómo estás? Espero que tengas un buen día.",,ham
finanzas@loteria-gratis.win,Eres el afortunado ganador de un sorteo. (urgente),Eres el afortunado ganador de un sorteo. Reclama tu premio ahora.,https://loteria-gratis.win/reclamar-premio,spam
contabilidad@cliente.com,Nos vemos en la cafetería después del,Nos vemos en la cafetería después del trabajo.,,ham
facturacion@netflix-pagos.support,¡Compra ahora! Descuento del 80% solo por,¡Compra ahora! Descuento del 80% solo por hoy en nuestra tienda online.,https://netflix-pagos.support/oferta,spam
ventas@empresa.com,¿Puedes enviarme el informe antes de la,¿Puedes enviarme el informe antes de la tarde?,,ham
promos@bono-gob.mx.co,Este mensaje es para informarte que ganaste (urgente),Este mensaje es para informarte que ganaste una tarjeta de regalo.,https://loteria-gratis.win/reclamar-premio,spam
ventas@cliente.com,"Feliz cumpleaños, espero que lo pases genial","Feliz cumpleaños, espero que lo pases genial con tu familia.",,ham
soporte@netflix-pagos.support,¡Felicidades! Has ganado un iPhone. Reclámalo aquí: (urgente),¡Felicidades! Has ganado un iPhone. Reclámalo aquí: http://fake-url.com,http://fake-url.com,spam
ventas@cliente.com,"Hola, ¿cómo estás? Espero que tengas un","Hola, ¿cómo estás? Espero que tengas un buen día.",,ham
promos@bono-gob.mx.co,Este mensaje es para informarte que ganaste (urgente),Este mensaje es para informarte que ganaste una tarjeta de regalo.,https://loteria-gratis.win/reclamar-premio,spam
recursos.humanos@banco.mx,"La película de ayer estuvo increíble, te","La película de ayer estuvo increíble, te la recomiendo.",,ham
finanzas@loteria-gratis.win,Eres el afortunado ganador de un sorteo. (urgente),Eres el afortunado ganador de un sorteo. Reclama tu premio ahora.,https://loteria-gratis.win/reclamar-premio,spam
contabilidad@cliente.com,Nos vemos en la cafetería después del,Nos vemos en la cafetería después del trabajo.,,ham
noreply@casino-oro.fun,"Hola, te envío un préstamo sin intereses. (urgente)","Hola, te envío un préstamo sin intereses. Acepta ahora: http://préstamos-falsos.com",http://préstamos-falsos.com,spam
contabilidad@cliente.com,Nos vemos en la cafetería después del,Nos vemos en la cafetería después del trabajo.,,ham
marketing@netflix-pagos.support,Descarga esta app y obtén recompensas exclusivas. (urgente),Descarga esta app y obtén recompensas exclusivas. Solo disponible hoy.,https://netflix-pagos.support/oferta,spam
ventas@cliente.com,"Feliz cumpleaños, espero que lo pases genial","Feliz cumpleaños, espero que lo pases genial con tu familia.",,ham
facturacion@netflix-pagos.support,¡Compra ahora! Descuento del 80% solo por,¡Compra ahora! Descuento del 80% solo por hoy en nuestra tienda online.,https://netflix-pagos.support/oferta,spam
ventas@empresa.com,¿Puedes enviarme el informe antes de la,¿Puedes enviarme el informe antes de la tarde?,,ham
facturacion@seguridadbancaria-alerta.com,Gana dinero fácil desde casa. Solo necesitas (urgente),Gana dinero fácil desde casa. Solo necesitas registrarte aquí: http://scam-money.com,http://scam-money.com,spam
contabilidad@universidad.mx,Recuerda llevar la documentación para la cita,Recuerda llevar la documentación para la cita del médico.,,ham
noreply@casino-oro.fun,"Hola, te envío un préstamo sin intereses. (urgente)","Hola, te envío un préstamo sin intereses. Acepta ahora: http://préstamos-falsos.com",http://préstamos-falsos.com,spam
maria.garcia@cliente.com,No olvides la reunión de mañana a,No olvides la reunión de mañana a las 10 AM.,,ham
soporte@netflix-pagos.support,¡Felicidades! Has ganado un iPhone. Reclámalo aquí: (urgente),¡Felicidades! Has ganado un iPhone. Reclámalo aquí: http://fake-url.com,http://fake-url.com,spam
soporte@empresa.com,¿Qué planes tienes para el próximo feriado?,¿Qué planes tienes para el próximo feriado?,,ham
noreply@loteria-gratis.win,Heredaste una gran suma de dinero. Contáctanos (urgente),Heredaste una gran suma de dinero. Contáctanos para recibirla.,https://loteria-gratis.win/reclamar-premio,spam
contabilidad@universidad.mx,Recuerda llevar la documentación para la cita,Recuerda llevar la documentación para la cita del médico.,,ham
noreply@bono-gob.mx.co,URGENTE: Tu cuenta bancaria será bloqueada. Verifica,URGENTE: Tu cuenta bancaria será bloqueada. Verifica tus datos aquí: http://phishing.com,http://phishing.com,spam
contabilidad@cliente.com,Nos vemos en la cafetería después del,Nos vemos en la cafetería después del trabajo.,,ham
noreply@loteria-gratis.win,Heredaste una gran suma de dinero. Contáctanos (urgente),Heredaste una gran suma de dinero. Contáctanos para recibirla.,https://loteria-gratis.win/reclamar-premio,spam
contabilidad@cliente.com,Nos vemos en la cafetería después del,Nos vemos en la cafetería después del trabajo.,,ham
facturacion@netflix-pagos.support,¡Compra ahora! Descuento del 80% solo por,¡Compra ahora! Descuento del 80% solo por hoy en nuestra tienda online.,https://netflix-pagos.support/oferta,spam
ventas@cliente.com,"Hola, ¿cómo estás? Espero que tengas un","Hola, ¿cómo estás? Espero que tengas un buen día.",,ham
noreply@bono-gob.mx.co,URGENTE: Tu cuenta bancaria será bloqueada. Verifica,URGENTE: Tu cuenta bancaria será bloqueada. Verifica tus datos aquí: http://phishing.com,http://phishing.com,spam
ventas@cliente.com,"Hola, ¿cómo estás? Espero que tengas un","Hola, ¿cómo estás? Espero que tengas un buen día.",,ham
noreply@loteria-gratis.win,Heredaste una gran suma de dinero. Contáctanos (urgente),Heredaste una gran suma de dinero. Contáctanos para recibirla.,https://loteria-gratis.win/reclamar-premio,spam
maria.garcia@cliente.com,No olvides la reunión de mañana a,No olvides la reunión de mañana a las 10 AM.,,ham
promos@bono-gob.mx.co,Este mensaje es para informarte que ganaste (urgente),Este mensaje es para informarte que ganaste una tarjeta de regalo.,https://loteria-gratis.win/reclamar-premio,spam
soporte@empresa.com,¿Qué planes tienes para el próximo feriado?,¿Qué planes tienes para el próximo feriado?,,ham
noreply@bono-gob.mx.co,URGENTE: Tu cuenta bancaria será bloqueada. Verifica,URGENTE: Tu cuenta bancaria será bloqueada. Verifica tus datos aquí: http://phishing.com,http://phishing.com,spam
ventas@empresa.com,¿Puedes enviarme el informe antes de la,¿Puedes enviarme el informe antes de la tarde?,,ham
soporte@netflix-pagos.support,¡Felicidades! Has ganado un iPhone. Reclámalo aquí: (urgente),¡Felicidades! Has ganado un iPhone. Reclámalo aquí: http://fake-url.com,http://fake-url.com,spam
contabilidad@universidad.mx,Recuerda llevar la documentación para la cita,Recuerda llevar la documentación para la cita del médico.,,ham
marketing@netflix-pagos.support,Descarga esta app y obtén recompensas exclusivas. (urgente),Descarga esta app y obtén recompensas exclusivas. Solo disponible hoy.,https://netflix-pagos.support/oferta,spam
ventas@cliente.com,"Hola, ¿cómo estás? Espero que tengas un","Hola, ¿cómo estás? Espero que tengas un buen día.",,ham
facturacion@seguridadbancaria-alerta.com,Somos del servicio técnico de Microsoft. Tu (urgente),Somos del servicio técnico de Microsoft. Tu computadora tiene un virus.,https://seguridadbancaria-alerta.com/oferta,spam
juan.perez@banco.mx,Mamá me dijo que estarás en casa,Mamá me dijo que estarás en casa este fin de semana.,,ham
facturacion@seguridadbancaria-alerta.com,Somos del servicio técnico de Microsoft. Tu (urgente),Somos del servicio técnico de Microsoft. Tu computadora tiene un virus.,https://seguridadbancaria-alerta.com/oferta,spam
ventas@empresa.com,¿Puedes enviarme el informe antes de la,¿Puedes enviarme el informe antes de la tarde?,,ham
soporte@netflix-pagos.support,¡Felicidades! Has ganado un iPhone. Reclámalo aquí: (urgente),¡Felicidades! Has ganado un iPhone. Reclámalo aquí: http://fake-url.com,http://fake-url.com,spam
ventas@cliente.com,"Hola, ¿cómo estás? Espero que tengas un","Hola, ¿cómo estás? Espero que tengas un buen día.",,ham
noreply@bono-gob.mx.co,URGENTE: Tu cuenta bancaria será bloqueada. Verifica,URGENTE: Tu cuenta bancaria será bloqueada. Verifica tus datos aquí: http://phishing.com,http://phishing.com,spam
juan.perez@banco.mx,Mamá me dijo que estarás en casa,Mamá me dijo que estarás en casa este fin de semana.,,ham
facturacion@seguridadbancaria-alerta.com,Somos del servicio técnico de Microsoft. Tu (urgente),Somos del servicio técnico de Microsoft. Tu computadora tiene un virus.,https://seguridadbancaria-alerta.com/oferta,spam
recursos.humanos@banco.mx,"La película de ayer estuvo increíble, te","La película de ayer estuvo increíble, te la recomiendo.",,ham
noreply@casino-oro.fun,"Hola, te envío un préstamo sin intereses. (urgente)","Hola, te envío un préstamo sin intereses. Acepta ahora: http://préstamos-falsos.com",http://préstamos-falsos.com,spam
ventas@empresa.com,¿Puedes enviarme el informe antes de la,¿Puedes enviarme el informe antes de la tarde?,,ham
promos@bono-gob.mx.co,Este mensaje es para informarte que ganaste (urgente),Este mensaje es para informarte que ganaste una tarjeta de regalo.,https://loteria-gratis.win/reclamar-premio,spam
contabilidad@universidad.mx,Recuerda llevar la documentación para la cita,Recuerda llevar la documentación para la cita del médico.,,ham
finanzas@loteria-gratis.win,Eres el afortunado ganador de un sorteo. (urgente),Eres el afortunado ganador de un sorteo. Reclama tu premio ahora.,https://loteria-gratis.win/reclamar-premio,spam
ventas@empresa.com,¿Puedes enviarme el informe antes de la,¿Puedes enviarme el informe antes de la tarde?,,ham
soporte@netflix-pagos.support,¡Felicidades! Has ganado un iPhone. Reclámalo aquí: (urgente),¡Felicidades! Has ganado un iPhone. Reclámalo aquí: http://fake-url.com,http://fake-url.com,spam
ventas@cliente.com,"Feliz cumpleaños, espero que lo pases genial","Feliz cumpleaños, espero que lo pases genial con tu familia.",,ham
finanzas@loteria-gratis.win,Eres el afortunado ganador de un sorteo. (urgente),Eres el afortunado ganador de un sorteo. Reclama tu premio ahora.,https://loteria-gratis.win/reclamar-premio,spam
contabilidad@universidad.mx,Recuerda llevar la documentación para la cita,Recuerda llevar la documentación para la cita del médico.,,ham
facturacion@seguridadbancaria-alerta.com,Somos del servicio técnico de Microsoft. Tu (urgente),Somos del servicio técnico de Microsoft. Tu computadora tiene un virus.,https://seguridadbancaria-alerta.com/oferta,spam
contabilidad@cliente.com,Nos vemos en la cafetería después del,Nos vemos en la cafetería después del trabajo.,,ham
noreply@casino-oro.fun,"Hola, te envío un préstamo sin intereses. (urgente)","Hola, te envío un préstamo sin intereses. Acepta ahora: http://préstamos-falsos.com",http://préstamos-falsos.com,spam
soporte@empresa.com,¿Qué planes tienes para el próximo feriado?,¿Qué planes tienes para el próximo feriado?,,ham
facturacion@seguridadbancaria-alerta.com,Somos del servicio técnico de Microsoft. Tu (urgente),Somos del servicio técnico de Microsoft. Tu computadora tiene un virus.,https://seguridadbancaria-alerta.com/oferta,spam
contabilidad@universidad.mx,Recuerda llevar la documentación para la cita,Recuerda llevar la documentación para la cita del médico.,,ham
noreply@loteria-gratis.win,Heredaste una gran suma de dinero. Contáctanos (urgente),Heredaste una gran suma de dinero. Contáctanos para recibirla.,https://loteria-gratis.win/reclamar-premio,spam
maria.garcia@cliente.com,No olvides la reunión de mañana a,No olvides la reunión de mañana a las 10 AM.,,ham
facturacion@seguridadbancaria-alerta.com,Somos del servicio técnico de Microsoft. Tu (urgente),Somos del servicio técnico de Microsoft. Tu computadora tiene un virus.,https://seguridadbancaria-alerta.com/oferta,spam
maria.garcia@cliente.com,No olvides la reunión de mañana a,No olvides la reunión de mañana a las 10 AM.,,ham
marketing@netflix-pagos.support,Descarga esta app y obtén recompensas exclusivas. (urgente),Descarga esta app y obtén recompensas exclusivas. Solo disponible hoy.,https://netflix-pagos.support/oferta,spam
contabilidad@cliente.com,Nos vemos en la cafetería después del,Nos vemos en la cafetería después del trabajo.,,ham
noreply@bono-gob.mx.co,URGENTE: Tu cuenta bancaria será bloqueada. Verifica,URGENTE: Tu cuenta bancaria será bloqueada. Verifica tus datos aquí: http://phishing.com,http://phishing.com,spam
contabilidad@universidad.mx,Recuerda llevar la documentación para la cita,Recuerda llevar la documentación para la cita del médico.,,ham
promos@bono-gob.mx.co,Este mensaje es para informarte que ganaste (urgente),Este mensaje es para informarte que ganaste una tarjeta de regalo.,https://loteria-gratis.win/reclamar-premio,spam
ventas@empresa.com,¿Puedes enviarme el informe antes de la,¿Puedes enviarme el informe antes de la tarde?,,ham
facturacion@netflix-pagos.support,¡Compra ahora! Descuento del 80% solo por,¡Compra ahora! Descuento del 80% solo por hoy en nuestra tienda online.,https://netflix-pagos.support/oferta,spam
recursos.humanos@banco.mx,"La película de ayer estuvo increíble, te","La película de ayer estuvo increíble, te la recomiendo.",,ham
noreply@casino-oro.fun,"Hola, te envío un préstamo sin intereses. (urgente)","Hola, te envío un préstamo sin intereses. Acepta ahora: http://préstamos-falsos.com",http://préstamos-falsos.com,spam
contabilidad@cliente.com,Nos vemos en la cafetería después del,Nos vemos en la cafetería después del trabajo.,,ham
facturacion@seguridadbancaria-alerta.com,Somos del servicio técnico de Microsoft. Tu (urgente),Somos del servicio técnico de Microsoft. Tu computadora tiene un virus.,https://seguridadbancaria-alerta.com/oferta,spam
contabilidad@universidad.mx,Recuerda llevar la documentación para la cita,Recuerda llevar la documentación para la cita del médico.,,ham
noreply@loteria-gratis.win,Heredaste una gran suma de dinero. Contáctanos (urgente),Heredaste una gran suma de dinero. Contáctanos para recibirla.,https://loteria-gratis.win/reclamar-premio,spam
ventas@cliente.com,"Feliz cumpleaños, espero que lo pases genial","Feliz cumpleaños, espero que lo pases genial con tu familia.",,ham
noreply@casino-oro.fun,"Hola, te envío un préstamo sin intereses. (urgente)","Hola, te envío un préstamo sin intereses. Acepta ahora: http://préstamos-falsos.com",http://préstamos-falsos.com,spam
ventas@cliente.com,"Hola, ¿cómo estás? Espero que tengas un","Hola, ¿cómo estás? Espero que tengas un buen día.",,ham
noreply@bono-gob.mx.co,URGENTE: Tu cuenta bancaria será bloqueada. Verifica,URGENTE: Tu cuenta bancaria será bloqueada. Verifica tus datos aquí: http://phishing.com,http://phishing.com,spam
contabilidad@universidad.mx,Recuerda llevar la documentación para la cita,Recuerda llevar la documentación para la cita del médico.,,ham
finanzas@loteria-gratis.win,Eres el afortunado ganador de un sorteo. (urgente),Eres el afortunado ganador de un sorteo. Reclama tu premio ahora.,https://loteria-gratis.win/reclamar-premio,spam
ventas@cliente.com,"Feliz cumpleaños, espero que lo pases genial","Feliz cumpleaños, espero que lo pases genial con tu familia.",,ham
noreply@bono-gob.mx.co,URGENTE: Tu cuenta bancaria será bloqueada. Verifica,URGENTE: Tu cuenta bancaria será bloqueada. Verifica tus datos aquí: http://phishing.com,http://phishing.com,spam
ventas@cliente.com,"Hola, ¿cómo estás? Espero que tengas un","Hola, ¿cómo estás? Espero que tengas un buen día.",,ham
marketing@netflix-pagos.support,Descarga esta app y obtén recompensas exclusivas. (urgente),Descarga esta app y obtén recompensas exclusivas. Solo disponible hoy.,https://netflix-pagos.support/oferta,spam
compras@hospital.mx,"Voy a llegar un poco tarde, hay","Voy a llegar un poco tarde, hay mucho tráfico.",,ham
marketing@netflix-pagos.support,Descarga esta app y obtén recompensas exclusivas. (urgente),Descarga esta app y obtén recompensas exclusivas. Solo disponible hoy.,https://netflix-pagos.support/oferta,spam
juan.perez@banco.mx,Mamá me dijo que estarás en casa,Mamá me dijo que estarás en casa este fin de semana.,,ham
noreply@loteria-gratis.win,Heredaste una gran suma de dinero. Contáctanos (urgente),Heredaste una gran suma de dinero. Contáctanos para recibirla.,https://loteria-gratis.win/reclamar-premio,spam
ventas@empresa.com,¿Puedes enviarme el informe antes de la,¿Puedes enviarme el informe antes de la tarde?,,ham
promos@bono-gob.mx.co,Este mensaje es para informarte que ganaste (urgente),Este mensaje es para informarte que ganaste una tarjeta de regalo.,https://loteria-gratis.win/reclamar-premio,spam
recursos.humanos@banco.mx,"La película de ayer estuvo increíble, te","La película de ayer estuvo increíble, te la recomiendo.",,ham
facturacion@seguridadbancaria-alerta.com,Gana dinero fácil desde casa. Solo necesitas (urgente),Gana dinero fácil desde casa. Solo necesitas registrarte aquí: http://scam-money.com,http://scam-money.com,spam
contabilidad@universidad.mx,Recuerda llevar la documentación para la cita,Recuerda llevar la documentación para la cita del médico.,,ham
noreply@bono-gob.mx.co,URGENTE: Tu cuenta bancaria será bloqueada. Verifica,URGENTE: Tu cuenta bancaria será bloqueada. Verifica tus datos aquí: http://phishing.com,http://phishing.com,spam
contabilidad@cliente.com,Nos vemos en la cafetería después del,Nos vemos en la cafetería después del trabajo.,,ham
noreply@bono-gob.mx.co,URGENTE: Tu cuenta bancaria será bloqueada. Verifica,URGENTE: Tu cuenta bancaria será bloqueada. Verifica tus datos aquí: http://phishing.com,http://phishing.com,spam
contabilidad@universidad.mx,Recuerda llevar la documentación para la cita,Recuerda llevar la documentación para la cita del médico.,,ham
facturacion@netflix-pagos.support,¡Compra ahora! Descuento del 80% solo por,¡Compra ahora! Descuento del 80% solo por hoy en nuestra tienda online.,https://netflix-pagos.support/oferta,spam
maria.garcia@cliente.com,No olvides la reunión de mañana a,No olvides la reunión de mañana a las 10 AM.,,ham
facturacion@seguridadbancaria-alerta.com,Gana dinero fácil desde casa. Solo necesitas (urgente),Gana dinero fácil desde casa. Solo necesitas registrarte aquí: http://scam-money.com,http://scam-money.com,spam
soporte@empresa.com,¿Qué planes tienes para el próximo feriado?,¿Qué planes tienes para el próximo feriado?,,ham
finanzas@loteria-gratis.win,Eres el afortunado ganador de un sorteo. (urgente),Eres el afortunado ganador de un sorteo. Reclama tu premio ahora.,https://loteria-gratis.win/reclamar-premio,spam
ventas@cliente.com,"Hola, ¿cómo estás? Espero que tengas un","Hola, ¿cómo estás? Espero que tengas un buen día.",,ham
facturacion@netflix-pagos.support,¡Compra ahora! Descuento del 80% solo por,¡Compra ahora! Descuento del 80% solo por hoy en nuestra tienda online.,https://netflix-pagos.support/oferta,spam
maria.garcia@cliente.com,No olvides la reunión de mañana a,No olvides la reunión de mañana a las 10 AM.,,ham
marketing@netflix-pagos.support,Descarga esta app y obtén recompensas exclusivas. (urgente),Descarga esta app y obtén recompensas exclusivas. Solo disponible hoy.,https://netflix-pagos.support/oferta,spam
juan.perez@banco.mx,Mamá me dijo que estarás en casa,Mamá me dijo que estarás en casa este fin de semana.,,ham
facturacion@seguridadbancaria-alerta.com,Gana dinero fácil desde casa. Solo necesitas (urgente),Gana dinero fácil desde casa. Solo necesitas registrarte aquí: http://scam-money.com,http://scam-money.com,spam
compras@hospital.mx,"Voy a llegar un poco tarde, hay","Voy a llegar un poco tarde, hay mucho tráfico.",,ham
facturacion@netflix-pagos.support,¡Compra ahora! Descuento del 80% solo por,¡Compra ahora! Descuento del 80% solo por hoy en nuestra tienda online.,https://netflix-pagos.support/oferta,spam
juan.perez@banco.mx,Mamá me dijo que estarás en casa,Mamá me dijo que estarás en casa este fin de semana.,,ham
soporte@netflix-pagos.support,¡Felicidades! Has ganado un iPhone. Reclámalo aquí: (urgente),¡Felicidades! Has ganado un iPhone. Reclámalo aquí: http://fake-url.com,http://fake-url.com,spam
ventas@empresa.com,¿Puedes enviarme el informe antes de la,¿Puedes enviarme el informe antes de la tarde?,,ham
noreply@loteria-gratis.win,Heredaste una gran suma de dinero. Contáctanos (urgente),Heredaste una gran suma de dinero. Contáctanos para recibirla.,https://loteria-gratis.win/reclamar-premio,spam
ventas@empresa.com,¿Puedes enviarme el informe antes de la,¿Puedes enviarme el informe antes de la tarde?,,ham
marketing@netflix-pagos.support,Descarga esta app y obtén recompensas exclusivas. (urgente),Descarga esta app y obtén recompensas exclusivas. Solo disponible hoy.,https://netflix-pagos.support/oferta,spam
juan.perez@banco.mx,Mamá me dijo que estarás en casa,Mamá me dijo que estarás en casa este fin de semana.,,ham
soporte@netflix-pagos.support,¡Felicidades! Has ganado un iPhone. Reclámalo aquí: (urgente),¡Felicidades! Has ganado un iPhone. Reclámalo aquí: http://fake-url.com,http://fake-url.com,spam
soporte@empresa.com,¿Qué planes tienes para el próximo feriado?,¿Qué planes tienes para el próximo feriado?,,ham
facturacion@netflix-pagos.support,¡Compra ahora! Descuento del 80% solo por,¡Compra ahora! Descuento del 80% solo por hoy en nuestra tienda online.,https://netflix-pagos.support/oferta,spam
compras@hospital.mx,"Voy a llegar un poco tarde, hay","Voy a llegar un poco tarde, hay mucho tráfico.",,ham
noreply@loteria-gratis.win,Heredaste una gran suma de dinero. Contáctanos (urgente),Heredaste una gran suma de dinero. Contáctanos para recibirla.,https://loteria-gratis.win/reclamar-premio,spam
juan.perez@banco.mx,Mamá me dijo que estarás en casa,Mamá me dijo que estarás en casa este fin de semana.,,ham
noreply@loteria-gratis.win,Heredaste una gran suma de dinero. Contáctanos (urgente),Heredaste una gran suma de dinero. Contáctanos para recibirla.,https://loteria-gratis.win/reclamar-premio,spam
soporte@empresa.com,¿Qué planes tienes para el próximo feriado?,¿Qué planes tienes para el próximo feriado?,,ham
noreply@bono-gob.mx.co,URGENTE: Tu cuenta bancaria será bloqueada. Verifica,URGENTE: Tu cuenta bancaria será bloqueada. Verifica tus datos aquí: http://phishing.com,http://phishing.com,spam
juan.perez@banco.mx,Mamá me dijo que estarás en casa,Mamá me dijo que estarás en casa este fin de semana.,,ham
marketing@netflix-pagos.support,Descarga esta app y obtén recompensas exclusivas. (urgente),Descarga esta app y obtén recompensas exclusivas. Solo disponible hoy.,https://netflix-pagos.support/oferta,spam
ventas@cliente.com,"Hola, ¿cómo estás? Espero que tengas un","Hola, ¿cómo estás? Espero que tengas un buen día.",,ham
finanzas@loteria-gratis.win,Eres el afortunado ganador de un sorteo. (urgente),Eres el afortunado ganador de un sorteo. Reclama tu premio ahora.,https://loteria-gratis.win/reclamar-premio,spam
maria.garcia@cliente.com,No olvides la reunión de mañana a,No olvides la reunión de mañana a las 10 AM.,,ham
promos@bono-gob.mx.co,Este mensaje es para informarte que ganaste (urgente),Este mensaje es para informarte que ganaste una tarjeta de regalo.,https://loteria-gratis.win/reclamar-premio,spam
maria.garcia@cliente.com,No olvides la reunión de mañana a,No olvides la reunión de mañana a las 10 AM.,,ham
noreply@bono-gob.mx.co,URGENTE: Tu cuenta bancaria será bloqueada. Verifica,URGENTE: Tu cuenta bancaria será bloqueada. Verifica tus datos aquí: http://phishing.com,http://phishing.com,spam
ventas@cliente.com,"Hola, ¿cómo estás? Espero que tengas un","Hola, ¿cómo estás? Espero que tengas un buen día.",,ham
noreply@casino-oro.fun,"Hola, te envío un préstamo sin intereses. (urgente)","Hola, te envío un préstamo sin intereses. Acepta ahora: http://préstamos-falsos.com",http://préstamos-falsos.com,spam
recursos.humanos@banco.mx,"La película de ayer estuvo increíble, te","La película de ayer estuvo increíble, te la recomiendo.",,ham
promos@bono-gob.mx.co,Este mensaje es para informarte que ganaste (urgente),Este mensaje es para informarte que ganaste una tarjeta de regalo.,https://loteria-gratis.win/reclamar-premio,spam
recursos.humanos@banco.mx,"La película de ayer estuvo increíble, te","La película de ayer estuvo increíble, te la recomiendo.",,ham
promos@bono-gob.mx.co,Este mensaje es para informarte que ganaste (urgente),Este mensaje es para informarte que ganaste una tarjeta de regalo.,https://loteria-gratis.win/reclamar-premio,spam
contabilidad@universidad.mx,Recuerda llevar la documentación para la cita,Recuerda llevar la documentación para la cita del médico.,,ham
noreply@bono-gob.mx.co,URGENTE: Tu cuenta bancaria será bloqueada. Verifica,URGENTE: Tu cuenta bancaria será bloqueada. Verifica tus datos aquí: http://phishing.com,http://phishing.com,spam
juan.perez@banco.mx,Mamá me dijo que estarás en casa,Mamá me dijo que estarás en casa este fin de semana.,,ham
noreply@bono-gob.mx.co,URGENTE: Tu cuenta bancaria será bloqueada. Verifica,URGENTE: Tu cuenta bancaria será bloqueada. Verifica tus datos aquí: http://phishing.com,http://phishing.com,spam
ventas@cliente.com,"Feliz cumpleaños, espero que lo pases genial","Feliz cumpleaños, espero que lo pases genial con tu familia.",,ham
sistemas@empresa.com,URGENTE: Tu cuenta bancaria será bloqueada. Verifica,URGENTE: Tu cuenta bancaria será bloqueada. Verifica tus datos aquí: http://phishing.com ,http://phishing.com,ham
